sinistro	horario_saida	mercadoria	origem_uf	destino_uf	faixa_valor_carga	vinculo_motorista	dia_semana
Acidente	Manhã	Específicas	GO	RJ	2	Agregado	segunda-feira
Acidente	Tarde	Específicas	GO	ES	3	Agregado	quinta-feira
Acidente	Manhã	Hig/Limp/Cosm	MG	MG	2	Agregado	segunda-feira
Acidente	Noite	Específicas	SP	RS	1	Agregado	terça-feira
Acidente	Manhã	Frigorífico	PR	CE	1	Autônomo	quarta-feira
Acidente	Manhã	Bebidas	BA	PA	1	Autônomo	quarta-feira
Acidente	Tarde	Laticínios	SP	ES	1	Autônomo	quarta-feira
Acidente	Tarde	Óleo Comestível	SP	MG	1	Autônomo	quinta-feira
Acidente	Tarde	Frigorífico	RO	EX	3	Autônomo	quarta-feira
Acidente	Noite	Alimentício	PE	BA	2	Autônomo	domingo
Acidente	Madrugada	Geral	SP	PR	1	Autônomo	sábado
Acidente	Manhã	Alimentício	SP	CE	1	Autônomo	terça-feira
Acidente	Tarde	Minério	SC	SP	1	Autônomo	terça-feira
Acidente	Manhã	Eletrônicos	SP	CE	4	Autônomo	sexta-feira
Acidente	Noite	Frigorífico	PA	PA	2	Autônomo	quarta-feira
Acidente	Tarde	Alumínio	SP	PE	3	Autônomo	domingo
Acidente	Manhã	Alimentício	ES	CE	1	Autônomo	domingo
Acidente	Manhã	Bebidas	BA	ES	1	Autônomo	sábado
Acidente	Madrugada	Geral	SP	PR	3	Autônomo	terça-feira
Acidente	Tarde	Alimentício	BA	BA	1	Autônomo	sexta-feira
Acidente	Manhã	Alimentício	PR	CE	1	Autônomo	sexta-feira
Acidente	Madrugada	Frigorífico	MG	SP	2	Autônomo	sábado
Acidente	Noite	Rolamentos	SC	GO	1	Autônomo	quinta-feira
Acidente	Madrugada	Frigorífico	SP	AP	3	Funcionário	quarta-feira
Acidente	Manhã	Hig/Limp/Cosm	SP	ES	3	Funcionário	segunda-feira
Acidente	Madrugada	Frigorífico	SP	SP	3	Funcionário	quarta-feira
Acidente	Tarde	Químico	BA	SP	2	Funcionário	sábado
Acidente	Noite	Autopeças	SC	MG	2	Funcionário	domingo
Acidente	Noite	Geral	MS	SP	1	Funcionário	domingo
Acidente	Noite	Alimentício	ES	RJ	1	Funcionário	segunda-feira
Acidente	Tarde	Frigorífico	GO	GO	1	Funcionário	segunda-feira
Acidente	Madrugada	Confecção/Tecido/Fios	RJ	SP	3	Funcionário	quarta-feira
Acidente	Manhã	Móveis	SC	BA	1	Funcionário	sábado
Acidente	Noite	Alimentício	PR	CE	1	Funcionário	terça-feira
Acidente	Noite	Frigorífico	PR	AL	1	Funcionário	terça-feira
Acidente	Tarde	Frigorífico	PA	MA	2	Funcionário	domingo
Acidente	Noite	Frigorífico	PA	PE	2	Funcionário	sexta-feira
Acidente	Manhã	Frigorífico	PR	RS	1	Funcionário	quinta-feira
Acidente	Manhã	Aço/Ferro	SP	BA	1	Funcionário	terça-feira
Acidente	Manhã	Bebidas	RJ	MG	2	Funcionário	sábado
Acidente	Tarde	Específicas	SP	RS	3	Funcionário	domingo
Acidente	Manhã	Calçados	SP	BA	2	Funcionário	sexta-feira
Acidente	Noite	Frigorífico	MG	BA	1	Funcionário	segunda-feira
Acidente	Manhã	Confecção/Tecido/Fios	SP	RS	1	Funcionário	terça-feira
Acidente	Noite	Hig/Limp/Cosm	MG	PR	3	Funcionário	segunda-feira
Acidente	Tarde	Aço/Ferro	SP	PE	2	S/Comprovação	quarta-feira
Acidente	Madrugada	Hig/Limp/Cosm	MG	SP	1	S/Comprovação	sexta-feira
Acidente	Noite	Bateria	SP	AP	4	S/Comprovação	quinta-feira
Acidente	Manhã	Veículo	PR	MS	3	S/Comprovação	sexta-feira
Acidente	Noite	Alimentício	PE	BA	1	S/Comprovação	segunda-feira
Acidente	Madrugada	Específicas	SP	PA	3	S/Comprovação	segunda-feira
Acidente	Noite	Frigorífico	AC	SP	2	S/Comprovação	segunda-feira
Acidente	Tarde	Laticínios	SC	PR	3	S/Comprovação	quinta-feira
Acidente	Tarde	Doces/Chocolate	SP	PE	4	S/Comprovação	quarta-feira
Acidente	Tarde	Autopeças	SP	MG	4	S/Comprovação	sexta-feira
Acidente	Manhã	Fibra Ótica	BA	BA	3	S/Comprovação	domingo
Acidente	Noite	Hig/Limp/Cosm	PE	BA	1	S/Comprovação	quinta-feira
Acidente	Madrugada	Alimentício	SP	SP	2	S/Comprovação	quarta-feira
Acidente	Manhã	Hig/Limp/Cosm	MG	SP	2	S/Comprovação	segunda-feira
Acidente	Madrugada	Autopeças	RS	SP	2	S/Comprovação	quarta-feira
Acidente	Madrugada	Específicas	CE	BA	3	S/Comprovação	quinta-feira
Acidente	Noite	Específicas	SP	SP	3	S/Comprovação	terça-feira
Acidente	Noite	Frigorífico	PR	PR	1	S/Comprovação	quarta-feira
Acidente	Manhã	Diversos	SC	PR	3	S/Comprovação	terça-feira
Acidente	Manhã	Específicas	GO	GO	3	S/Comprovação	sexta-feira
Acidente	Tarde	Defensivo Agrícola	MT	RO	3	S/Comprovação	quinta-feira
Acidente	Tarde	Laticínios	BA	BA	4	S/Comprovação	segunda-feira
Acidente	Noite	Celulares	GO	PA	3	S/Comprovação	terça-feira
Acidente	Noite	Bebidas	PE	PA	1	S/Comprovação	quarta-feira
Acidente	Madrugada	Frigorífico	MT	PR	2	S/Comprovação	segunda-feira
Acidente	Noite	Específicas	SC	SP	4	S/Comprovação	terça-feira
Acidente	Noite	Hig/Limp/Cosm	MG	RJ	4	S/Comprovação	terça-feira
Acidente	Manhã	Específicas	GO	PA	4	S/Comprovação	quarta-feira
Acidente	Tarde	Alimentício	AR	SP	1	S/Comprovação	terça-feira
Acidente	Noite	Veículo	SP	SC	2	S/Comprovação	sexta-feira
Acidente	Madrugada	Geral	AM	SP	2	S/Comprovação	domingo
Acidente	Tarde	Específicas	SP	PE	4	S/Comprovação	terça-feira
Acidente	Manhã	Pescado	SC	AL	1	S/Comprovação	terça-feira
Acidente	Madrugada	Pneus	BA	RJ	1	S/Comprovação	terça-feira
Acidente	Manhã	Doces/Chocolate	EX	MG	3	S/Comprovação	quinta-feira
Acidente	Tarde	Calçados	CE	MG	1	S/Comprovação	quinta-feira
Acidente	Manhã	Frigorífico	PA	RJ	2	S/Comprovação	sexta-feira
Acidente	Noite	Defensivo Agrícola	MT	MT	5	S/Comprovação	quarta-feira
Acidente	Manhã	Bebidas	SP	GO	1	S/Comprovação	domingo
Acidente	Tarde	Frigorífico	RO	SC	2	S/Comprovação	quinta-feira
Acidente	Noite	Bebidas	SC	PE	3	S/Comprovação	quarta-feira
Acidente	Manhã	Específicas	CE	SP	2	S/Comprovação	quarta-feira
Acidente	Manhã	Hig/Limp/Cosm	SP	RS	1	S/Comprovação	quinta-feira
Acidente	Tarde	Específicas	ES	GO	5	S/Comprovação	quinta-feira
Acidente	Manhã	Fraldas	GO	SP	1	S/Comprovação	terça-feira
Acidente	Noite	Papel	ES	SP	2	S/Comprovação	terça-feira
Acidente	Manhã	Tratores/Empilhadeiras	RS	RS	5	S/Comprovação	terça-feira
Acidente	Tarde	Bebidas	SP	PR	1	S/Comprovação	terça-feira
Acidente	Noite	Laticínios	SC	SP	1	S/Comprovação	sábado
Acidente	Manhã	Calçados	CE	SP	2	S/Comprovação	sábado
Acidente	Madrugada	Veículo	SP	BA	2	S/Comprovação	quinta-feira
Acidente	Madrugada	Hig/Limp/Cosm	SP	SP	1	S/Comprovação	sexta-feira
Acidente	Noite	Químico	SP	CE	4	S/Comprovação	sexta-feira
Acidente	Tarde	Frigorífico	GO	EX	3	S/Comprovação	segunda-feira
Acidente	Manhã	Calçados	CE	SP	2	S/Comprovação	sábado
Acidente	Madrugada	Utilidades Doméstica	RS	PR	4	S/Comprovação	sexta-feira
Acidente	Madrugada	Doces/Chocolate	SP	SP	1	S/Comprovação	terça-feira
Acidente	Manhã	Alimentício	EX	SP	1	S/Comprovação	sexta-feira
Acidente	Madrugada	Café	MG	MG	2	S/Comprovação	segunda-feira
Acidente	Tarde	Específicas	SP	PI	2	S/Comprovação	domingo
Acidente	Manhã	Alimentício	SP	PR	2	S/Comprovação	segunda-feira
Acidente	Manhã	Frigorífico	DF	SC	1	S/Comprovação	domingo
Acidente	Tarde	Bebidas	PR	RS	1	S/Comprovação	quarta-feira
Acidente	Manhã	Veículo	GO	PR	3	S/Comprovação	segunda-feira
Acidente	Noite	Polímeros	SC	SP	1	S/Comprovação	domingo
Acidente	Manhã	Hig/Limp/Cosm	SP	RS	1	S/Comprovação	terça-feira
Acidente	Noite	Polímeros	RJ	MG	2	S/Comprovação	segunda-feira
Acidente	Madrugada	Específicas	SP	RO	3	S/Comprovação	sexta-feira
Acidente	Noite	Veículo	MG	SP	3	S/Comprovação	quinta-feira
Acidente	Madrugada	Vidro	SP	PE	1	S/Comprovação	quarta-feira
Acidente	Noite	Frigorífico	SP	MG	2	S/Comprovação	quinta-feira
Acidente	Noite	Alimentício	MG	PE	1	S/Comprovação	quinta-feira
Acidente	Noite	Hig/Limp/Cosm	GO	SP	4	S/Comprovação	quarta-feira
Acidente	Manhã	Frigorífico	SC	MS	2	S/Comprovação	sábado
Acidente	Madrugada	Específicas	SP	BA	4	S/Comprovação	domingo
Acidente	Manhã	Confecção/Tecido/Fios	RJ	PE	2	S/Comprovação	domingo
Acidente	Manhã	Defensivo Agrícola	SP	ES	2	S/Comprovação	domingo
Acidente	Madrugada	Frigorífico	MT	EX	4	S/Comprovação	quarta-feira
Acidente	Madrugada	Diversos	PR	SP	3	S/Comprovação	segunda-feira
Acidente	Madrugada	Frigorífico	RO	SC	2	S/Comprovação	sexta-feira
Acidente	Sem Inf	Combustível	MT	BA	1	S/Comprovação	segunda-feira
Acidente	Manhã	Autopeças	PR	PR	3	S/Comprovação	quinta-feira
Acidente	Madrugada	Específicas	ES	PR	4	S/Comprovação	quinta-feira
Acidente	Tarde	Frigorífico	PR	SC	2	S/Comprovação	terça-feira
Acidente	Tarde	Papel	SC	SP	1	S/Comprovação	quarta-feira
Acidente	Madrugada	Frigorífico	MG	SP	4	S/Comprovação	segunda-feira
Acidente	Tarde	Veículo	SP	RJ	1	S/Comprovação	domingo
Acidente	Tarde	Veículo	PR	RS	3	S/Comprovação	domingo
Acidente	Noite	Laticínios	SP	PE	4	S/Comprovação	sábado
Acidente	Tarde	Específicas	ES	BA	3	S/Comprovação	segunda-feira
Acidente	Manhã	Frigorífico	PR	MG	1	S/Comprovação	domingo
Acidente	Manhã	Bebidas	SP	SC	1	S/Comprovação	terça-feira
Acidente	Tarde	Geral	SC	SC	1	S/Comprovação	sexta-feira
Acidente	Manhã	Defensivo Agrícola	MG	MG	4	S/Comprovação	sexta-feira
Acidente	Tarde	Madeira	SC	SC	1	S/Comprovação	sexta-feira
Acidente	Manhã	Alumínio	SP	PE	4	S/Comprovação	sábado
Acidente	Madrugada	Específicas	SP	MG	1	S/Comprovação	quarta-feira
Acidente	Manhã	Frigorífico	SP	SC	2	S/Comprovação	terça-feira
Acidente	Madrugada	Geral	SC	SP	1	S/Comprovação	quarta-feira
Acidente	Manhã	Defensivo Agrícola	MG	MG	4	S/Comprovação	terça-feira
Acidente	Madrugada	Hig/Limp/Cosm	SP	MG	1	S/Comprovação	sexta-feira
Acidente	Tarde	Específicas	GO	MA	4	S/Comprovação	quarta-feira
Acidente	Tarde	Hig/Limp/Cosm	BA	PA	4	S/Comprovação	sábado
Acidente	Manhã	Óleo Lubrificante	RJ	GO	2	S/Comprovação	terça-feira
Acidente	Tarde	Alumínio	SP	PE	4	S/Comprovação	sábado
Acidente	Noite	Hig/Limp/Cosm	MG	SC	3	S/Comprovação	segunda-feira
Acidente	Noite	Específicas	SP	PA	4	S/Comprovação	domingo
Acidente	Noite	Confecção/Tecido/Fios	SP	SC	1	S/Comprovação	sexta-feira
Acidente	Noite	Eletrônicos	RJ	SP	3	S/Comprovação	segunda-feira
Acidente	Manhã	Tratores/Empilhadeiras	SP	MT	4	S/Comprovação	segunda-feira
Acidente	Manhã	Eletrodoméstico	SC	PA	1	S/Comprovação	segunda-feira
Acidente	Manhã	Defensivo Agrícola	SP	PA	3	S/Comprovação	terça-feira
Acidente	Manhã	Específicas	SP	PE	4	S/Comprovação	domingo
Acidente	Manhã	Brinquedos	SP	SC	1	S/Comprovação	sexta-feira
Acidente	Tarde	Frigorífico	MG	EX	3	S/Comprovação	quarta-feira
Acidente	Madrugada	Tinta/Verniz	PE	PE	1	S/Comprovação	quarta-feira
Acidente	Tarde	Autopeças	SP	PE	2	S/Comprovação	terça-feira
Acidente	Madrugada	Geral	ES	SP	2	S/Comprovação	quinta-feira
Acidente	Noite	Frigorífico	PR	PR	1	S/Comprovação	quarta-feira
Acidente	Manhã	Frigorífico	GO	ES	2	S/Comprovação	quarta-feira
Acidente	Manhã	Hig/Limp/Cosm	MG	MG	4	S/Comprovação	segunda-feira
Acidente	Tarde	Fraldas	GO	ES	1	S/Comprovação	quarta-feira
Acidente	Manhã	Frigorífico	PR	RJ	1	S/Comprovação	segunda-feira
Acidente	Noite	Confecção/Tecido/Fios	SP	CE	2	S/Comprovação	terça-feira
Acidente	Manhã	Alimentício	SP	SP	1	S/Comprovação	quinta-feira
Acidente	Madrugada	Bateria	PE	EX	2	S/Comprovação	quarta-feira
Acidente	Madrugada	Frigorífico	PR	PR	2	S/Comprovação	quinta-feira
Acidente	Madrugada	Específicas	SP	MT	1	S/Comprovação	terça-feira
Acidente	Manhã	Alumínio	SE	SP	3	S/Comprovação	terça-feira
Acidente	Madrugada	Fios/Cabos	SP	PB	2	S/Comprovação	sexta-feira
Acidente	Madrugada	Frigorífico	MA	PA	1	S/Comprovação	domingo
Acidente	Manhã	Hig/Limp/Cosm	SP	SP	2	S/Comprovação	sexta-feira
Acidente	Noite	Café	SP	SE	2	S/Comprovação	sexta-feira
Acidente	Noite	Hig/Limp/Cosm	GO	RO	1	S/Comprovação	sábado
Acidente	Tarde	Frigorífico	MG	SP	4	S/Comprovação	quinta-feira
Acidente	Manhã	Veículo	RN	SP	4	S/Comprovação	quinta-feira
Acidente	Noite	Geral	BA	ES	1	S/Comprovação	terça-feira
Acidente	Noite	Polímeros	SP	RS	1	S/Comprovação	sábado
Acidente	Manhã	Hig/Limp/Cosm	MG	MG	2	S/Comprovação	domingo
Acidente	Madrugada	Café	SP	SP	2	S/Comprovação	terça-feira
Acidente	Madrugada	Específicas	SP	PE	2	S/Comprovação	segunda-feira
Acidente	Manhã	Bebidas	RS	SP	1	S/Comprovação	domingo
Acidente	Noite	Calçados	SP	CE	1	S/Comprovação	domingo
Acidente	Tarde	Específicas	GO	RO	4	S/Comprovação	quinta-feira
Acidente	Tarde	Específicas	BA	MG	4	S/Comprovação	quarta-feira
Acidente	Manhã	Alumínio	SP	DF	4	S/Comprovação	terça-feira
Acidente	Tarde	Frigorífico	PR	EX	1	S/Comprovação	sábado
Acidente	Madrugada	Eletrodoméstico	SP	MG	2	S/Comprovação	quinta-feira
Acidente	Noite	Café	MG	RS	3	S/Comprovação	domingo
Acidente	Manhã	Bebidas	SP	MG	1	S/Comprovação	sexta-feira
Acidente	Manhã	Frigorífico	PR	PA	1	S/Comprovação	sábado
Acidente	Madrugada	Tinta/Verniz	SP	SC	2	S/Comprovação	sexta-feira
Acidente	Noite	Material Elétrico	SP	SC	1	S/Comprovação	terça-feira
Acidente	Manhã	Bebidas	PR	RS	2	S/Comprovação	terça-feira
Acidente	Madrugada	Confecção/Tecido/Fios	SP	EX	3	S/Comprovação	quinta-feira
Acidente	Madrugada	Geral	SP	MG	4	S/Comprovação	quarta-feira
Acidente	Manhã	Confecção/Tecido/Fios	SP	RN	2	S/Comprovação	sexta-feira
Acidente	Manhã	Químico	BA	SP	2	S/Comprovação	quarta-feira
Acidente	Noite	Específicas	SC	SP	1	S/Comprovação	quinta-feira
Acidente	Manhã	Alimentício	RS	GO	2	S/Comprovação	quarta-feira
Acidente	Madrugada	Alimentício	MG	PA	2	S/Comprovação	domingo
Acidente	Manhã	Doces/Chocolate	SP	MG	2	S/Comprovação	quinta-feira
Acidente	Madrugada	Bebidas	PE	PB	1	S/Comprovação	quarta-feira
Acidente	Madrugada	Minério	MG	EX	2	S/Comprovação	quinta-feira
Acidente	Noite	Matéria Prima	SP	RS	1	S/Comprovação	quinta-feira
Acidente	Tarde	Geral	RJ	RJ	2	S/Comprovação	terça-feira
Acidente	Manhã	Eletrodoméstico	SP	PR	1	S/Comprovação	quinta-feira
Acidente	Madrugada	Maquinário	RS	GO	5	S/Comprovação	terça-feira
Acidente	Noite	Café	MG	SP	3	S/Comprovação	segunda-feira
Acidente	Tarde	Hig/Limp/Cosm	PE	BA	1	S/Comprovação	terça-feira
Acidente	Manhã	Matéria Prima	SP	PE	1	S/Comprovação	sábado
Acidente	Manhã	Geral	MG	SP	2	S/Comprovação	sexta-feira
Acidente	Manhã	Específicas	BA	MG	4	S/Comprovação	quinta-feira
Acidente	Madrugada	Bebidas	SP	SP	1	S/Comprovação	segunda-feira
Acidente	Tarde	Fertilizantes	SE	SE	1	S/Comprovação	quinta-feira
Acidente	Tarde	Frigorífico	SP	RJ	1	S/Comprovação	terça-feira
Acidente	Manhã	Alimentício	MA	MT	1	S/Comprovação	terça-feira
Acidente	Noite	Hig/Limp/Cosm	MG	MG	4	S/Comprovação	quarta-feira
Acidente	Madrugada	Polímeros	RJ	PR	1	S/Comprovação	quinta-feira
Acidente	Manhã	Laticínios	AL	GO	1	S/Comprovação	terça-feira
Acidente	Tarde	Frigorífico	RS	RJ	1	S/Comprovação	sábado
Acidente	Manhã	Veículo	SP	RN	2	S/Comprovação	domingo
Acidente	Madrugada	Específicas	SP	PE	1	S/Comprovação	quarta-feira
Acidente	Manhã	Frigorífico	SP	SP	1	S/Comprovação	sábado
Acidente	Manhã	Específicas	SP	SE	3	S/Comprovação	quinta-feira
Acidente	Tarde	Café	MG	MG	2	S/Comprovação	quarta-feira
Acidente	Noite	Específicas	SP	BA	1	S/Comprovação	terça-feira
Acidente	Madrugada	Autopeças	SP	PR	4	S/Comprovação	quinta-feira
Acidente	Noite	Específicas	CE	ES	4	S/Comprovação	sexta-feira
Acidente	Noite	Frigorífico	PR	PR	3	S/Comprovação	quarta-feira
Acidente	Noite	Hig/Limp/Cosm	MG	MG	4	S/Comprovação	quarta-feira
Acidente	Tarde	Aves	PR	SC	1	S/Comprovação	segunda-feira
Acidente	Tarde	Alumínio	SP	PE	4	S/Comprovação	terça-feira
Acidente	Noite	Hig/Limp/Cosm	MG	MG	3	S/Comprovação	domingo
Acidente	Tarde	Autopeças	RS	RJ	3	S/Comprovação	terça-feira
Acidente	Tarde	Laticínios	SP	BA	1	S/Comprovação	quinta-feira
Acidente	Manhã	Alimentício	PR	CE	1	S/Comprovação	domingo
Acidente	Madrugada	Autopeças	SP	SP	3	S/Comprovação	quarta-feira
Acidente	Tarde	Frigorífico	PA	PA	1	S/Comprovação	sábado
Acidente	Tarde	Bebidas	SP	RS	1	S/Comprovação	sábado
Acidente	Noite	Confecção/Tecido/Fios	RJ	PE	1	S/Comprovação	quarta-feira
Acidente	Manhã	Computador/Tablet	RJ	MG	1	S/Comprovação	terça-feira
Acidente	Manhã	Bebidas	SP	MG	1	S/Comprovação	quarta-feira
Acidente	Tarde	Laticínios	RS	CE	2	S/Comprovação	segunda-feira
Acidente	Tarde	Hig/Limp/Cosm	PE	SP	1	S/Comprovação	domingo
Acidente	Noite	Autopeças	SP	EX	3	S/Comprovação	terça-feira
Acidente	Manhã	Frigorífico	MT	EX	2	S/Comprovação	domingo
Acidente	Madrugada	Bebidas	AL	MT	1	S/Comprovação	segunda-feira
Acidente	Madrugada	Frigorífico	PA	BA	2	S/Comprovação	quinta-feira
Acidente	Manhã	Alimentício	GO	SP	1	S/Comprovação	sábado
Acidente	Tarde	Confecção/Tecido/Fios	RJ	PE	2	S/Comprovação	sexta-feira
Acidente	Manhã	Frigorífico	SP	CE	1	S/Comprovação	domingo
Acidente	Manhã	Geral	PE	MT	1	S/Comprovação	domingo
Acidente	Tarde	Alimentício	RS	SP	1	S/Comprovação	terça-feira
Acidente	Manhã	Frigorífico	PR	SC	3	S/Comprovação	quinta-feira
Acidente	Manhã	Café	MG	MG	2	S/Comprovação	quinta-feira
Acidente	Noite	Sementes	PR	SC	4	S/Comprovação	quarta-feira
Acidente	Noite	Alumínio	SC	SP	2	S/Comprovação	segunda-feira
Acidente	Manhã	Hig/Limp/Cosm	EX	SP	3	S/Comprovação	domingo
Acidente	Tarde	Laticínios	RS	RJ	1	S/Comprovação	quinta-feira
Acidente	Noite	Veículo	PR	RS	3	S/Comprovação	quinta-feira
Acidente	Manhã	Medicamento	GO	RS	4	S/Comprovação	terça-feira
Acidente	Tarde	Hig/Limp/Cosm	MG	MG	2	S/Comprovação	segunda-feira
Acidente	Tarde	Frigorífico	PR	PE	1	S/Comprovação	sexta-feira
Acidente	Madrugada	Alimentício	ES	BA	1	S/Comprovação	quinta-feira
Acidente	Tarde	Específicas	SC	SP	3	S/Comprovação	domingo
Acidente	Manhã	Hig/Limp/Cosm	EX	SP	3	S/Comprovação	domingo
Acidente	Tarde	Específicas	SC	RJ	4	S/Comprovação	sexta-feira
Acidente	Tarde	Frigorífico	RO	MG	2	S/Comprovação	domingo
Acidente	Madrugada	Alimentício	DF	MT	1	S/Comprovação	sábado
Acidente	Manhã	Frigorífico	RS	PE	2	S/Comprovação	domingo
Acidente	Noite	Gerador	SP	SE	1	S/Comprovação	quinta-feira
Acidente	Noite	Alumínio	PI	SP	3	S/Comprovação	sexta-feira
Acidente	Noite	Gerador	SP	EX	5	S/Comprovação	quinta-feira
Acidente	Tarde	Autopeças	AM	SP	4	S/Comprovação	quarta-feira
Acidente	Noite	Vidro	SP	GO	1	S/Comprovação	terça-feira
Acidente	Manhã	Hig/Limp/Cosm	PE	MG	2	S/Comprovação	segunda-feira
Acidente	Madrugada	Móveis	SP	BA	3	S/Comprovação	sábado
Acidente	Tarde	Bebidas	PR	RS	1	S/Comprovação	terça-feira
Acidente	Manhã	Maquinário	MG	RJ	5	S/Comprovação	terça-feira
Acidente	Madrugada	Gerador	SP	RR	3	S/Comprovação	domingo
Acidente	Noite	Específicas	ES	CE	3	S/Comprovação	sexta-feira
Acidente	Noite	Café	ES	RN	3	S/Comprovação	sexta-feira
Acidente	Madrugada	Veículo	SP	GO	4	S/Comprovação	quinta-feira
Acidente	Manhã	Hig/Limp/Cosm	MA	SP	1	S/Comprovação	domingo
Acidente	Manhã	Alimentício	PE	PE	1	S/Comprovação	terça-feira
Acidente	Manhã	Óleo Comestível	MT	SP	1	S/Comprovação	quarta-feira
Acidente	Madrugada	Móveis	RS	SP	2	S/Comprovação	sábado
Acidente	Noite	Hig/Limp/Cosm	MG	SC	2	S/Comprovação	domingo
Acidente	Tarde	Sementes	MT	MT	4	S/Comprovação	sexta-feira
Acidente	Manhã	Alimentício	SP	ES	1	S/Comprovação	domingo
Acidente	Noite	Específicas	SP	PI	1	S/Comprovação	quarta-feira
Acidente	Manhã	Específicas	SP	BA	4	S/Comprovação	sábado
Acidente	Madrugada	Medicamento	SC	SP	5	S/Comprovação	quinta-feira
Acidente	Madrugada	Frigorífico	EX	EX	3	S/Comprovação	sexta-feira
Acidente	Tarde	Alimentício	PB	PA	1	S/Comprovação	quarta-feira
Acidente	Manhã	Frigorífico	RO	MG	2	S/Comprovação	quarta-feira
Acidente	Tarde	Alumínio	PI	SP	4	S/Comprovação	domingo
Acidente	Madrugada	Frigorífico	PR	SC	2	S/Comprovação	sexta-feira
Acidente	Tarde	Geral	SP	EX	4	S/Comprovação	quinta-feira
Acidente	Madrugada	Bebidas	SP	SP	1	S/Comprovação	terça-feira
Acidente	Madrugada	Hig/Limp/Cosm	SP	GO	2	S/Comprovação	segunda-feira
Acidente	Tarde	Químico	BA	SP	1	S/Comprovação	sexta-feira
Acidente	Noite	Óleo Lubrificante	PE	PE	2	S/Comprovação	sexta-feira
Acidente	Noite	Geral	PR	MG	4	S/Comprovação	quinta-feira
Acidente	Tarde	Hig/Limp/Cosm	SP	BA	4	S/Comprovação	sábado
Acidente	Tarde	Autopeças	MG	PE	1	S/Comprovação	domingo
Acidente	Tarde	Defensivo Agrícola	SP	MT	1	S/Comprovação	sábado
Acidente	Tarde	Confecção/Tecido/Fios	PA	PR	2	S/Comprovação	sexta-feira
Acidente	Noite	Bebidas	GO	PA	1	S/Comprovação	quarta-feira
Acidente	Tarde	Alumínio	SP	MT	3	S/Comprovação	quinta-feira
Acidente	Tarde	Frigorífico	MT	SP	3	S/Comprovação	domingo
Acidente	Madrugada	Maquinário	MG	SC	4	S/Comprovação	sábado
Acidente	Manhã	Alumínio	SP	PR	1	S/Comprovação	quinta-feira
Acidente	Manhã	Laticínios	MG	RJ	3	S/Comprovação	quarta-feira
Fraude	Madrugada	Geral	SC	BA	3	Funcionário	quarta-feira
Fraude	Madrugada	Geral	SC	BA	3	Funcionário	quarta-feira
Fraude	Noite	Geral	SC	CE	3	Funcionário	segunda-feira
Fraude	Noite	Geral	SC	CE	3	Funcionário	segunda-feira
Fraude	Noite	Geral	SC	CE	3	Funcionário	segunda-feira
Fraude	Tarde	Geral	SC	SP	3	Funcionário	domingo
Fraude	Noite	Geral	SC	PA	3	Funcionário	domingo
Fraude	Noite	Geral	SC	MA	3	Funcionário	domingo
Fraude	Tarde	Geral	SC	SP	3	Funcionário	domingo
Fraude	Noite	Geral	SC	MA	3	Funcionário	domingo
Outros	Madrugada	Maquinário	RJ	SP	2	S/Comprovação	segunda-feira
Outros	Tarde	Aço/Ferro	SP	MG	1	Funcionário	segunda-feira
Outros	Manhã	Autopeças	MG	PE	4	S/Comprovação	domingo
Outros	Tarde	Autopeças	MG	PE	4	S/Comprovação	segunda-feira
Outros	Noite	Veículo	RS	SP	3	S/Comprovação	sexta-feira
Outros	Tarde	Café	MG	MG	3	S/Comprovação	terça-feira
Outros	Noite	Alumínio	SP	CE	4	S/Comprovação	terça-feira
Outros	Manhã	Alimentício	SP	RS	3	S/Comprovação	sexta-feira
Outros	Manhã	Pescado	SC	PE	1	S/Comprovação	quinta-feira
Outros	Manhã	Específicas	SP	MG	4	S/Comprovação	sexta-feira
Outros	Tarde	Aço/Ferro	SC	GO	1	S/Comprovação	terça-feira
Outros	Tarde	Geral	SP	MA	1	S/Comprovação	quarta-feira
Outros	Tarde	Medicamento	GO	RJ	4	S/Comprovação	quinta-feira
Outros	Manhã	Específicas	BA	RJ	1	S/Comprovação	sábado
Outros	Manhã	Frigorífico	CE	CE	2	S/Comprovação	sexta-feira
Outros	Noite	Maquinário	SP	MG	2	S/Comprovação	quarta-feira
Outros	Tarde	Laticínios	GO	MS	2	S/Comprovação	domingo
Outros	Tarde	Tratores/Empilhadeiras	PR	BH	4	S/Comprovação	terça-feira
Outros	Manhã	Alimentício	SP	SP	2	S/Comprovação	terça-feira
Outros	Tarde	Ração Animal	PR	MS	3	S/Comprovação	segunda-feira
Outros	Manhã	Alimentício	PE	SP	2	S/Comprovação	terça-feira
Outros	Tarde	Autopeças	MG	PE	4	S/Comprovação	segunda-feira
Outros	Manhã	Utilidades Doméstica	EX	EX	2	S/Comprovação	segunda-feira
Outros	Manhã	Alumínio	PI	SP	4	S/Comprovação	sexta-feira
Outros	Tarde	Alimentício	EX	MG	3	S/Comprovação	quarta-feira
Outros	Tarde	Bebidas	ES	MG	1	S/Comprovação	domingo
Outros	Madrugada	Alumínio	PI	SP	3	S/Comprovação	terça-feira
Outros	Manhã	Alimentício	SP	SP	1	S/Comprovação	terça-feira
Outros	Manhã	Maquinário	SP	EX	4	S/Comprovação	quinta-feira
Outros	Manhã	Alumínio	SP	BA	3	S/Comprovação	quinta-feira
Outros	Tarde	Pneus	EX	MG	3	S/Comprovação	sexta-feira
Outros	Noite	Maquinário	SP	MG	5	S/Comprovação	terça-feira
Outros	Madrugada	Aço/Ferro	SP	AM	3	S/Comprovação	sexta-feira
Outros	Madrugada	Alumínio	PE	SP	3	S/Comprovação	quarta-feira
Outros	Manhã	Alumínio	SP	PI	4	S/Comprovação	terça-feira
Outros	Madrugada	Laticínios	EX	GO	5	S/Comprovação	segunda-feira
Outros	Manhã	Alimentício	SP	MG	1	S/Comprovação	sexta-feira
Outros	Madrugada	Medicamento	GO	TO	2	S/Comprovação	quarta-feira
Outros	Noite	Geral	SC	PR	2	S/Comprovação	segunda-feira
Outros	Manhã	Frigorífico	EX	SP	4	S/Comprovação	quarta-feira
Outros	Manhã	Frigorífico	EX	SP	4	S/Comprovação	quarta-feira
Outros	Tarde	Frigorífico	SC	SC	1	S/Comprovação	quarta-feira
Outros	Manhã	Frigorífico	EX	SP	4	S/Comprovação	quarta-feira
Outros	Tarde	Laticínios	SP	SP	1	S/Comprovação	quarta-feira
Outros	Madrugada	Frigorífico	DF	MG	1	S/Comprovação	segunda-feira
Outros	Madrugada	Frigorífico	DF	TO	1	S/Comprovação	terça-feira
Outros	Tarde	Tratores/Empilhadeiras	PR	RS	3	S/Comprovação	terça-feira
Outros	Noite	Medicamento	EX	SP	1	S/Comprovação	segunda-feira
Outros	Manhã	Alumínio	SP	AM	3	S/Comprovação	sexta-feira
Outros	Manhã	Alumínio	SP	PE	4	S/Comprovação	quinta-feira
Outros	Madrugada	Laticínios	EX	SP	3	S/Comprovação	terça-feira
Outros	Madrugada	Hig/Limp/Cosm	MG	MG	4	S/Comprovação	quarta-feira
Outros	Tarde	Café	PR	CE	1	S/Comprovação	quinta-feira
Outros	Tarde	Alumínio	SP	AM	3	S/Comprovação	sábado
Outros	Manhã	Químico	EX	SP	1	S/Comprovação	quarta-feira
Roubo/Furto	Manhã	Eletrônicos	SP	SP	3	S/Comprovação	sexta-feira
Roubo/Furto	Manhã	Eletrônicos	SP	SP	1	S/Comprovação	sexta-feira
Roubo/Furto	Noite	Papel	SP	PE	1	S/Comprovação	sexta-feira
Roubo/Furto	Noite	Café	MG	SP	2	Agregado	quinta-feira
Roubo/Furto	Noite	Combustível	RJ	SP	2	Agregado	quarta-feira
Roubo/Furto	Tarde	Específicas	RJ	SP	4	Agregado	sábado
Roubo/Furto	Noite	Calçados	RJ	RJ	2	Agregado	segunda-feira
Roubo/Furto	Noite	Frigorífico	SP	RS	3	Agregado	domingo
Roubo/Furto	Noite	Hig/Limp/Cosm	PE	CE	3	Agregado	domingo
Roubo/Furto	Manhã	Específicas	RJ	RJ	1	Agregado	quinta-feira
Roubo/Furto	Tarde	Específicas	RJ	RJ	1	Agregado	sábado
Roubo/Furto	Noite	Frigorífico	SP	PB	4	Agregado	sexta-feira
Roubo/Furto	Tarde	Eletrônicos	SP	GO	4	Agregado	segunda-feira
Roubo/Furto	Noite	Celulares	SP	MG	4	Agregado	domingo
Roubo/Furto	Noite	Específicas	MG	BA	4	Agregado	segunda-feira
Roubo/Furto	Madrugada	Alimentício	AL	SP	3	Agregado	terça-feira
Roubo/Furto	Manhã	Polímeros	RJ	SP	1	Agregado	quarta-feira
Roubo/Furto	Tarde	Alimentício	PE	MA	2	Agregado	sexta-feira
Roubo/Furto	Noite	Específicas	SP	BA	4	Agregado	sexta-feira
Roubo/Furto	Noite	Específicas	SC	SP	3	Agregado	terça-feira
Roubo/Furto	Madrugada	Celulares	SP	SP	1	Agregado	quarta-feira
Roubo/Furto	Tarde	Alumínio	SP	PR	1	Agregado	quinta-feira
Roubo/Furto	Manhã	Confecção/Tecido/Fios	RJ	CE	3	Agregado	domingo
Roubo/Furto	Noite	Específicas	PE	CE	3	Agregado	terça-feira
Roubo/Furto	Madrugada	Medicamento	SC	PR	2	Agregado	quarta-feira
Roubo/Furto	Madrugada	Autopeças	SP	PR	4	Agregado	quarta-feira
Roubo/Furto	Tarde	Alumínio	SP	GO	2	Agregado	terça-feira
Roubo/Furto	Manhã	E-Commerce	SP	SP	2	Agregado	terça-feira
Roubo/Furto	Madrugada	Defensivo Agrícola	SP	BA	5	Agregado	segunda-feira
Roubo/Furto	Madrugada	Hig/Limp/Cosm	PE	BA	1	Agregado	quinta-feira
Roubo/Furto	Noite	Defensivo Agrícola	SP	BA	2	Agregado	terça-feira
Roubo/Furto	Noite	Eletrônicos	CE	PE	1	Agregado	sexta-feira
Roubo/Furto	Noite	Alumínio	SC	SP	2	Agregado	segunda-feira
Roubo/Furto	Noite	Frigorífico	SP	PB	4	Agregado	domingo
Roubo/Furto	Noite	Autopeças	SP	SP	1	Agregado	quinta-feira
Roubo/Furto	Madrugada	Hig/Limp/Cosm	MG	RS	4	Agregado	sábado
Roubo/Furto	Tarde	Geral	RJ	RJ	1	Agregado	segunda-feira
Roubo/Furto	Manhã	Calçados	MG	SP	2	Agregado	domingo
Roubo/Furto	Manhã	Veículo	SP	PR	2	Agregado	quinta-feira
Roubo/Furto	Manhã	Pescado	EX	SP	2	Agregado	sábado
Roubo/Furto	Noite	Defensivo Agrícola	SP	BA	4	Agregado	terça-feira
Roubo/Furto	Manhã	E-Commerce	PE	BA	4	Agregado	sexta-feira
Roubo/Furto	Noite	Defensivo Agrícola	SP	PB	5	Agregado	segunda-feira
Roubo/Furto	Madrugada	E-Commerce	RJ	RJ	1	Agregado	quarta-feira
Roubo/Furto	Manhã	Calçados	SP	SP	1	Agregado	terça-feira
Roubo/Furto	Madrugada	Óleo Lubrificante	RJ	GO	3	Agregado	quinta-feira
Roubo/Furto	Tarde	Frigorífico	PR	RJ	2	Agregado	quinta-feira
Roubo/Furto	Tarde	Combustível	GO	GO	1	Agregado	sexta-feira
Roubo/Furto	Manhã	Específicas	SP	RJ	3	Agregado	sexta-feira
Roubo/Furto	Noite	Específicas	PR	SP	3	Agregado	sexta-feira
Roubo/Furto	Manhã	Eletrônicos	EX	PR	3	Agregado	quinta-feira
Roubo/Furto	Manhã	Celulares	RJ	RJ	1	Agregado	sexta-feira
Roubo/Furto	Noite	Defensivo Agrícola	SP	MT	5	Agregado	domingo
Roubo/Furto	Madrugada	Bicicleta	AM	SC	4	Agregado	terça-feira
Roubo/Furto	Noite	Confecção/Tecido/Fios	GO	TO	2	Agregado	segunda-feira
Roubo/Furto	Madrugada	Pescado	GO	SC	2	Agregado	quarta-feira
Roubo/Furto	Madrugada	Frigorífico	MS	SP	1	Agregado	domingo
Roubo/Furto	Noite	Combustível	PR	MS	1	Agregado	terça-feira
Roubo/Furto	Noite	Específicas	SP	MG	2	Agregado	terça-feira
Roubo/Furto	Manhã	Alumínio	RS	SP	1	Agregado	quinta-feira
Roubo/Furto	Noite	Frigorífico	RS	RJ	1	Agregado	segunda-feira
Roubo/Furto	Madrugada	Eletrônicos	SP	MG	3	Agregado	quinta-feira
Roubo/Furto	Noite	Alimentício	RJ	RJ	2	Agregado	terça-feira
Roubo/Furto	Tarde	Café	BA	CE	2	Agregado	sexta-feira
Roubo/Furto	Manhã	E-Commerce	SP	SP	4	Agregado	terça-feira
Roubo/Furto	Manhã	Eletrônicos	RS	RS	3	Agregado	segunda-feira
Roubo/Furto	Madrugada	Específicas	SP	SP	3	Agregado	sexta-feira
Roubo/Furto	Noite	Tinta/Verniz	SP	RJ	1	Agregado	segunda-feira
Roubo/Furto	Tarde	Alimentício	PE	MG	1	Agregado	quarta-feira
Roubo/Furto	Madrugada	E-Commerce	SP	SP	1	Agregado	terça-feira
Roubo/Furto	Noite	Frigorífico	SC	SC	2	Agregado	quinta-feira
Roubo/Furto	Madrugada	Laticínios	SP	MA	3	Agregado	quarta-feira
Roubo/Furto	Manhã	Prod. Ópticos	RJ	RJ	3	Agregado	quinta-feira
Roubo/Furto	Manhã	Específicas	RJ	ES	3	Agregado	sábado
Roubo/Furto	Noite	Hig/Limp/Cosm	GO	SP	3	Agregado	terça-feira
Roubo/Furto	Madrugada	Bebidas	RJ	MG	3	Agregado	terça-feira
Roubo/Furto	Manhã	Veículo	SP	RJ	1	Agregado	quarta-feira
Roubo/Furto	Tarde	Bebidas	RJ	MG	3	Agregado	quarta-feira
Roubo/Furto	Noite	Tinta/Verniz	SP	RJ	1	Agregado	quarta-feira
Roubo/Furto	Madrugada	E-Commerce	RJ	RJ	3	Agregado	sábado
Roubo/Furto	Tarde	Defensivo Agrícola	SP	MG	2	Agregado	terça-feira
Roubo/Furto	Noite	Hig/Limp/Cosm	PE	BA	2	Agregado	quarta-feira
Roubo/Furto	Tarde	Específicas	RJ	SP	2	Agregado	sábado
Roubo/Furto	Madrugada	Hig/Limp/Cosm	MG	RJ	1	Agregado	segunda-feira
Roubo/Furto	Manhã	Defensivo Agrícola	SP	MT	3	Agregado	terça-feira
Roubo/Furto	Manhã	Específicas	PR	RJ	1	Agregado	terça-feira
Roubo/Furto	Noite	Específicas	CE	PB	3	Agregado	sábado
Roubo/Furto	Noite	Brinquedos	PR	PE	1	Autônomo	sexta-feira
Roubo/Furto	Tarde	Combustível	PR	MT	1	Autônomo	quarta-feira
Roubo/Furto	Madrugada	Material Elétrico	PR	BA	1	Autônomo	quarta-feira
Roubo/Furto	Tarde	Veículo	SP	SP	1	Autônomo	sexta-feira
Roubo/Furto	Noite	Algodão	GO	SP	1	Autônomo	sábado
Roubo/Furto	Madrugada	Alimentício	GO	MG	1	Autônomo	domingo
Roubo/Furto	Manhã	Bebidas	PR	SC	1	Autônomo	quarta-feira
Roubo/Furto	Noite	Frigorífico	GO	PE	3	Autônomo	domingo
Roubo/Furto	Tarde	Bebidas	DF	BA	1	Autônomo	domingo
Roubo/Furto	Manhã	Bebidas	BA	ES	1	Autônomo	quinta-feira
Roubo/Furto	Madrugada	Polímeros	RJ	SP	1	Autônomo	sexta-feira
Roubo/Furto	Tarde	Sementes	MG	DF	3	Autônomo	sexta-feira
Roubo/Furto	Noite	Alumínio	SP	SP	1	Autônomo	quarta-feira
Roubo/Furto	Madrugada	Material Elétrico	ES	MG	3	Autônomo	quarta-feira
Roubo/Furto	Noite	Óleo Lubrificante	SP	SE	1	Autônomo	quarta-feira
Roubo/Furto	Madrugada	Bebidas	RS	SP	2	Autônomo	segunda-feira
Roubo/Furto	Noite	Aço/Ferro	CE	DF	1	Autônomo	segunda-feira
Roubo/Furto	Noite	Liga Metálica	SP	SP	3	Autônomo	terça-feira
Roubo/Furto	Noite	Alumínio	MG	TO	2	Autônomo	quarta-feira
Roubo/Furto	Madrugada	Frigorífico	TO	PE	1	Autônomo	quarta-feira
Roubo/Furto	Noite	Frigorífico	RO	MG	2	Autônomo	quarta-feira
Roubo/Furto	Madrugada	Óleo Comestível	MT	SP	1	Autônomo	sexta-feira
Roubo/Furto	Noite	Bebidas	PR	SP	1	Autônomo	quarta-feira
Roubo/Furto	Manhã	Combustível	SP	SP	1	Autônomo	sexta-feira
Roubo/Furto	Manhã	Alumínio	SP	PE	2	Autônomo	domingo
Roubo/Furto	Manhã	Frigorífico	PR	RJ	1	Autônomo	terça-feira
Roubo/Furto	Noite	Frigorífico	SP	SP	1	Autônomo	sexta-feira
Roubo/Furto	Madrugada	Alumínio	SC	SC	2	Autônomo	segunda-feira
Roubo/Furto	Noite	Laticínios	SP	AL	3	Autônomo	segunda-feira
Roubo/Furto	Madrugada	Frigorífico	MS	SP	3	Autônomo	sexta-feira
Roubo/Furto	Noite	Café	MG	MG	3	Autônomo	quarta-feira
Roubo/Furto	Noite	Laticínios	MG	SP	2	Autônomo	quarta-feira
Roubo/Furto	Tarde	Alumínio	RJ	SP	2	Autônomo	sexta-feira
Roubo/Furto	Tarde	Bebidas	PE	MA	1	Autônomo	terça-feira
Roubo/Furto	Manhã	Pneus	SP	SP	2	Autônomo	terça-feira
Roubo/Furto	Noite	Alimentício	SP	RJ	1	Autônomo	domingo
Roubo/Furto	Noite	Algodão	GO	SC	1	Autônomo	sábado
Roubo/Furto	Noite	Alimentício	RJ	RJ	1	Autônomo	quinta-feira
Roubo/Furto	Tarde	Frigorífico	MT	SP	2	Autônomo	domingo
Roubo/Furto	Madrugada	Defensivo Agrícola	SP	PA	1	Autônomo	quinta-feira
Roubo/Furto	Noite	Combustível	PR	MT	1	Autônomo	segunda-feira
Roubo/Furto	Tarde	Alumínio	SP	PR	3	Autônomo	quarta-feira
Roubo/Furto	Madrugada	Algodão	MT	MG	1	Autônomo	quinta-feira
Roubo/Furto	Noite	Frigorífico	PR	RJ	1	Autônomo	domingo
Roubo/Furto	Noite	Confecção/Tecido/Fios	RJ	MA	4	Autônomo	terça-feira
Roubo/Furto	Noite	Frigorífico	RO	SC	2	Autônomo	domingo
Roubo/Furto	Madrugada	Geral	SC	ES	1	Autônomo	quarta-feira
Roubo/Furto	Noite	Defensivo Agrícola	SP	PA	2	Autônomo	sexta-feira
Roubo/Furto	Noite	Óleo Comestível	MT	SP	1	Autônomo	sexta-feira
Roubo/Furto	Tarde	Fraldas	SP	GO	1	Autônomo	sexta-feira
Roubo/Furto	Madrugada	Químico	SP	SP	2	Autônomo	terça-feira
Roubo/Furto	Noite	Fraldas	GO	MA	1	Autônomo	domingo
Roubo/Furto	Manhã	Polímeros	SP	SP	1	Autônomo	sexta-feira
Roubo/Furto	Noite	Hig/Limp/Cosm	PE	PB	1	Autônomo	segunda-feira
Roubo/Furto	Madrugada	Bebidas	SP	MS	1	Autônomo	quinta-feira
Roubo/Furto	Noite	Alumínio	SP	SP	2	Autônomo	terça-feira
Roubo/Furto	Tarde	Eletrônicos	SP	PI	2	Autônomo	quinta-feira
Roubo/Furto	Noite	Geral	RJ	SP	3	Autônomo	terça-feira
Roubo/Furto	Madrugada	Medicamento	SC	GO	4	Autônomo	sexta-feira
Roubo/Furto	Tarde	Frigorífico	RO	SP	2	Autônomo	domingo
Roubo/Furto	Madrugada	Polímeros	BA	SP	1	Autônomo	segunda-feira
Roubo/Furto	Noite	Fraldas	GO	CE	1	Autônomo	segunda-feira
Roubo/Furto	Madrugada	Alumínio	GO	SP	1	Autônomo	quinta-feira
Roubo/Furto	Madrugada	Alumínio	SC	SP	1	Autônomo	quinta-feira
Roubo/Furto	Noite	Alimentício	PE	RN	1	Autônomo	segunda-feira
Roubo/Furto	Noite	Alumínio	SP	PA	2	Autônomo	quinta-feira
Roubo/Furto	Madrugada	Polímeros	SC	SP	1	Autônomo	sexta-feira
Roubo/Furto	Madrugada	Geral	SC	SP	3	Autônomo	sexta-feira
Roubo/Furto	Noite	Alumínio	SP	SP	2	Autônomo	segunda-feira
Roubo/Furto	Tarde	Alimentício	SP	ES	2	Autônomo	quarta-feira
Roubo/Furto	Noite	Pneus	SC	SP	2	Autônomo	terça-feira
Roubo/Furto	Noite	Pneus	SC	RJ	2	Autônomo	quarta-feira
Roubo/Furto	Tarde	Alumínio	SP	RS	4	Autônomo	sexta-feira
Roubo/Furto	Tarde	Doces/Chocolate	SP	PE	3	Autônomo	sábado
Roubo/Furto	Noite	Laticínios	RJ	RJ	1	Autônomo	sexta-feira
Roubo/Furto	Madrugada	Frigorífico	PA	SP	2	Autônomo	quarta-feira
Roubo/Furto	Tarde	Fios/Cabos	SP	MG	1	Autônomo	segunda-feira
Roubo/Furto	Tarde	Alumínio	SP	PR	4	Autônomo	sábado
Roubo/Furto	Noite	Defensivo Agrícola	MT	MT	1	Autônomo	domingo
Roubo/Furto	Tarde	Calçados	SP	RS	5	Autônomo	terça-feira
Roubo/Furto	Noite	Alumínio	SP	PR	3	Autônomo	quarta-feira
Roubo/Furto	Noite	Bebidas	SP	PA	1	Autônomo	terça-feira
Roubo/Furto	Noite	Bebidas	SP	PA	1	Autônomo	domingo
Roubo/Furto	Madrugada	Alumínio	SP	SP	1	Autônomo	quinta-feira
Roubo/Furto	Manhã	Alimentício	SP	SP	4	Autônomo	quinta-feira
Roubo/Furto	Madrugada	Aço/Ferro	SP	RO	1	Autônomo	terça-feira
Roubo/Furto	Manhã	Hig/Limp/Cosm	PE	PA	1	Autônomo	quinta-feira
Roubo/Furto	Noite	Alumínio	PE	MS	2	Autônomo	sábado
Roubo/Furto	Noite	Alumínio	SC	SP	3	Autônomo	segunda-feira
Roubo/Furto	Madrugada	Frigorífico	SP	SC	2	Autônomo	quinta-feira
Roubo/Furto	Madrugada	Cobre	SP	SP	1	Autônomo	quinta-feira
Roubo/Furto	Noite	Específicas	PR	ES	3	Autônomo	terça-feira
Roubo/Furto	Tarde	Alumínio	PA	SP	2	Autônomo	domingo
Roubo/Furto	Madrugada	Café	ES	SP	2	Autônomo	segunda-feira
Roubo/Furto	Madrugada	Café	ES	SP	2	Autônomo	sexta-feira
Roubo/Furto	Noite	Alumínio	MA	RJ	1	Autônomo	domingo
Roubo/Furto	Manhã	Alumínio	SP	PR	4	Autônomo	terça-feira
Roubo/Furto	Madrugada	E-Commerce	SP	SP	1	Autônomo	terça-feira
Roubo/Furto	Madrugada	Laticínios	RS	PE	2	Autônomo	sábado
Roubo/Furto	Noite	Alumínio	SP	RS	3	Autônomo	terça-feira
Roubo/Furto	Noite	Doces/Chocolate	SP	SP	1	Autônomo	sexta-feira
Roubo/Furto	Noite	Utilidades Doméstica	SP	RS	3	Autônomo	quinta-feira
Roubo/Furto	Manhã	Laticínios	SP	SP	1	Autônomo	quarta-feira
Roubo/Furto	Madrugada	Alimentício	SC	GO	3	Autônomo	segunda-feira
Roubo/Furto	Manhã	Material Escolar	SP	GO	1	Autônomo	quarta-feira
Roubo/Furto	Noite	Fraldas	GO	CE	2	Autônomo	segunda-feira
Roubo/Furto	Noite	Alumínio	SP	RS	2	Autônomo	quarta-feira
Roubo/Furto	Madrugada	Autopeças	SP	PR	3	Autônomo	terça-feira
Roubo/Furto	Madrugada	Alimentício	GO	TO	1	Autônomo	quarta-feira
Roubo/Furto	Madrugada	Fraldas	GO	BA	1	Autônomo	sexta-feira
Roubo/Furto	Manhã	Geral	SP	PB	1	Autônomo	domingo
Roubo/Furto	Noite	Específicas	SP	BA	3	Autônomo	terça-feira
Roubo/Furto	Madrugada	Hig/Limp/Cosm	MG	PR	4	Autônomo	quinta-feira
Roubo/Furto	Madrugada	Alumínio	SP	DF	4	Autônomo	domingo
Roubo/Furto	Madrugada	Alumínio	SP	RJ	1	Autônomo	quarta-feira
Roubo/Furto	Noite	Café	PR	AM	2	Autônomo	sexta-feira
Roubo/Furto	Madrugada	Café	MG	RS	2	Autônomo	quinta-feira
Roubo/Furto	Noite	Café	MG	SP	3	Autônomo	domingo
Roubo/Furto	Noite	Geral	MG	RJ	1	Autônomo	quarta-feira
Roubo/Furto	Noite	Frigorífico	MT	ES	3	Autônomo	terça-feira
Roubo/Furto	Noite	Alimentício	PE	PI	1	Autônomo	terça-feira
Roubo/Furto	Madrugada	Alumínio	SP	GO	2	Autônomo	quarta-feira
Roubo/Furto	Madrugada	E-Commerce	RJ	RJ	3	Autônomo	quarta-feira
Roubo/Furto	Manhã	Frigorífico	PA	RJ	2	Autônomo	terça-feira
Roubo/Furto	Noite	Frigorífico	GO	RJ	2	Autônomo	segunda-feira
Roubo/Furto	Noite	Geral	MT	MT	1	Autônomo	sábado
Roubo/Furto	Noite	Pneus	RJ	BA	3	Autônomo	domingo
Roubo/Furto	Noite	Alumínio	SP	SC	3	Autônomo	segunda-feira
Roubo/Furto	Noite	Alimentício	PE	PE	1	Autônomo	terça-feira
Roubo/Furto	Noite	Combustível	RJ	SP	2	Autônomo	terça-feira
Roubo/Furto	Madrugada	Confecção/Tecido/Fios	RJ	RJ	1	Autônomo	quinta-feira
Roubo/Furto	Madrugada	Específicas	SP	MA	4	Autônomo	quarta-feira
Roubo/Furto	Noite	Laticínios	MG	RS	2	Autônomo	segunda-feira
Roubo/Furto	Noite	Alimentício	SC	SC	3	Autônomo	quinta-feira
Roubo/Furto	Madrugada	Frigorífico	MT	SP	1	Autônomo	sexta-feira
Roubo/Furto	Madrugada	Alimentício	MG	SP	2	Autônomo	sexta-feira
Roubo/Furto	Noite	Alumínio	ES	SP	4	Autônomo	quarta-feira
Roubo/Furto	Tarde	Geral	SP	CE	1	Autônomo	sexta-feira
Roubo/Furto	Manhã	Alimentício	SC	MG	3	Autônomo	quinta-feira
Roubo/Furto	Noite	Café	ES	SP	1	Autônomo	quarta-feira
Roubo/Furto	Noite	Material Construção	SP	MG	1	Autônomo	quarta-feira
Roubo/Furto	Tarde	Laticínios	RS	SP	1	Autônomo	domingo
Roubo/Furto	Noite	Frigorífico	PA	SP	1	Autônomo	quarta-feira
Roubo/Furto	Madrugada	Laticínios	GO	BA	1	Autônomo	sexta-feira
Roubo/Furto	Noite	Específicas	SP	BA	2	Autônomo	domingo
Roubo/Furto	Noite	Laticínios	PR	SP	2	Autônomo	terça-feira
Roubo/Furto	Noite	Laticínios	GO	MA	1	Autônomo	domingo
Roubo/Furto	Tarde	Café	MG	MG	3	Autônomo	quinta-feira
Roubo/Furto	Noite	Laticínios	SP	SE	3	Autônomo	quarta-feira
Roubo/Furto	Madrugada	Laticínios	MG	BA	2	Autônomo	terça-feira
Roubo/Furto	Madrugada	Frigorífico	SP	SP	3	Autônomo	sexta-feira
Roubo/Furto	Noite	Laticínios	MG	BA	2	Autônomo	segunda-feira
Roubo/Furto	Tarde	Polímeros	BA	SP	1	Autônomo	domingo
Roubo/Furto	Noite	Doces/Chocolate	SP	MG	1	Autônomo	sexta-feira
Roubo/Furto	Noite	Combustível	PR	MS	1	Autônomo	sexta-feira
Roubo/Furto	Tarde	Alumínio	SP	DF	4	Autônomo	quarta-feira
Roubo/Furto	Noite	Específicas	MG	ES	2	Autônomo	sábado
Roubo/Furto	Noite	Autopeças	SP	PR	5	Autônomo	sexta-feira
Roubo/Furto	Noite	Fios/Cabos	ES	MA	2	Autônomo	quarta-feira
Roubo/Furto	Madrugada	Doces/Chocolate	SP	RS	1	Autônomo	sexta-feira
Roubo/Furto	Noite	Alimentício	SC	MG	3	Autônomo	domingo
Roubo/Furto	Noite	Defensivo Agrícola	SP	DF	2	Autônomo	quinta-feira
Roubo/Furto	Madrugada	Alumínio	MS	SP	1	Autônomo	quinta-feira
Roubo/Furto	Noite	Frigorífico	MT	MG	1	Autônomo	segunda-feira
Roubo/Furto	Noite	Aço/Ferro	SC	RS	1	Autônomo	domingo
Roubo/Furto	Noite	Defensivo Agrícola	SP	GO	2	Autônomo	quinta-feira
Roubo/Furto	Noite	Geral	PE	PB	1	Autônomo	quarta-feira
Roubo/Furto	Tarde	Polímeros	SC	SP	1	Autônomo	quarta-feira
Roubo/Furto	Noite	Eletrodoméstico	PE	CE	2	Autônomo	terça-feira
Roubo/Furto	Noite	Alimentício	MG	CE	1	Autônomo	terça-feira
Roubo/Furto	Noite	Alumínio	SP	MT	3	Autônomo	sexta-feira
Roubo/Furto	Tarde	Frigorífico	MT	SP	2	Autônomo	domingo
Roubo/Furto	Noite	Doces/Chocolate	SP	PE	2	Autônomo	sexta-feira
Roubo/Furto	Noite	Frigorífico	MT	SP	2	Autônomo	domingo
Roubo/Furto	Manhã	Doces/Chocolate	SP	PE	1	Autônomo	sábado
Roubo/Furto	Madrugada	Aço/Ferro	RJ	MT	1	Autônomo	sexta-feira
Roubo/Furto	Madrugada	Alimentício	PE	CE	1	Autônomo	sábado
Roubo/Furto	Manhã	Alumínio	SP	MG	2	Autônomo	terça-feira
Roubo/Furto	Tarde	Alimentício	SC	SP	3	Autônomo	sexta-feira
Roubo/Furto	Tarde	Alumínio	SP	PI	3	Autônomo	quinta-feira
Roubo/Furto	Manhã	Aço/Ferro	SP	RS	1	Autônomo	quinta-feira
Roubo/Furto	Noite	Específicas	PE	CE	2	Autônomo	domingo
Roubo/Furto	Noite	Combustível	SP	SP	1	Autônomo	terça-feira
Roubo/Furto	Noite	Alumínio	BA	SP	1	Autônomo	segunda-feira
Roubo/Furto	Noite	Laticínios	ES	SP	3	Autônomo	domingo
Roubo/Furto	Madrugada	Hig/Limp/Cosm	MG	RJ	2	Autônomo	segunda-feira
Roubo/Furto	Noite	Frigorífico	MG	EX	3	Autônomo	quarta-feira
Roubo/Furto	Tarde	Eletrodoméstico	PR	PE	1	Autônomo	quarta-feira
Roubo/Furto	Madrugada	Aço/Ferro	RS	MG	1	Autônomo	sexta-feira
Roubo/Furto	Manhã	Hig/Limp/Cosm	SP	PA	2	Autônomo	sexta-feira
Roubo/Furto	Noite	Calçados	RJ	RJ	2	Autônomo	terça-feira
Roubo/Furto	Madrugada	Fraldas	SP	CE	2	Autônomo	domingo
Roubo/Furto	Tarde	Sementes	GO	GO	2	Autônomo	domingo
Roubo/Furto	Madrugada	Combustível	SP	SP	1	Autônomo	segunda-feira
Roubo/Furto	Madrugada	Pneus	SC	PE	3	Autônomo	domingo
Roubo/Furto	Madrugada	Bebidas	SP	GO	1	Autônomo	sábado
Roubo/Furto	Madrugada	Laticínios	ES	ES	3	Autônomo	sábado
Roubo/Furto	Noite	Alimentício	SC	RJ	3	Autônomo	quarta-feira
Roubo/Furto	Manhã	Aço/Ferro	SP	SC	1	Autônomo	sexta-feira
Roubo/Furto	Tarde	Tratores/Empilhadeiras	SP	PR	3	Autônomo	segunda-feira
Roubo/Furto	Tarde	Aço/Ferro	RJ	SP	1	Autônomo	segunda-feira
Roubo/Furto	Noite	Café	MG	MG	2	Autônomo	quarta-feira
Roubo/Furto	Noite	Frigorífico	TO	RJ	2	Autônomo	domingo
Roubo/Furto	Manhã	Confecção/Tecido/Fios	RJ	RJ	1	Autônomo	quinta-feira
Roubo/Furto	Madrugada	Pneus	RJ	RO	3	Autônomo	sexta-feira
Roubo/Furto	Manhã	Hig/Limp/Cosm	MG	RJ	2	Autônomo	domingo
Roubo/Furto	Noite	Café	PR	RJ	1	Autônomo	sábado
Roubo/Furto	Tarde	Hig/Limp/Cosm	GO	RJ	1	Autônomo	quarta-feira
Roubo/Furto	Tarde	Alumínio	SP	SP	2	Autônomo	sábado
Roubo/Furto	Noite	Café	MG	MG	2	Autônomo	quinta-feira
Roubo/Furto	Madrugada	Alumínio	ES	SP	1	Autônomo	segunda-feira
Roubo/Furto	Noite	Polímeros	SC	SP	1	Autônomo	domingo
Roubo/Furto	Madrugada	Sementes	PR	PR	1	Autônomo	quarta-feira
Roubo/Furto	Manhã	Doces/Chocolate	ES	SP	1	Autônomo	segunda-feira
Roubo/Furto	Tarde	Frigorífico	SC	RJ	2	Autônomo	sábado
Roubo/Furto	Madrugada	Doces/Chocolate	SP	RN	1	Autônomo	quinta-feira
Roubo/Furto	Manhã	Doces/Chocolate	ES	SP	1	Autônomo	segunda-feira
Roubo/Furto	Noite	Café	MG	MG	2	Autônomo	quarta-feira
Roubo/Furto	Manhã	Aço/Ferro	RS	PR	1	Autônomo	quarta-feira
Roubo/Furto	Madrugada	Alumínio	SP	SP	1	Autônomo	domingo
Roubo/Furto	Madrugada	Geral	SP	SP	1	Autônomo	quarta-feira
Roubo/Furto	Noite	Autopeças	SP	MG	1	Autônomo	sexta-feira
Roubo/Furto	Tarde	Bebidas	SP	SP	1	Autônomo	sábado
Roubo/Furto	Noite	Laticínios	RS	SP	2	Autônomo	quinta-feira
Roubo/Furto	Manhã	Laticínios	MT	SP	2	Autônomo	terça-feira
Roubo/Furto	Noite	Defensivo Agrícola	MG	MS	4	Autônomo	quinta-feira
Roubo/Furto	Noite	Sementes	MG	MG	2	Autônomo	sábado
Roubo/Furto	Manhã	Combustível	PR	PR	1	Autônomo	segunda-feira
Roubo/Furto	Madrugada	Específicas	SP	PB	3	Autônomo	sexta-feira
Roubo/Furto	Madrugada	Específicas	MG	PR	3	Autônomo	domingo
Roubo/Furto	Madrugada	Alimentício	SC	MG	3	Autônomo	segunda-feira
Roubo/Furto	Noite	Confecção/Tecido/Fios	RJ	RJ	1	Autônomo	quarta-feira
Roubo/Furto	Tarde	Aço/Ferro	SC	SC	1	Autônomo	quarta-feira
Roubo/Furto	Noite	Hig/Limp/Cosm	ES	SP	1	Autônomo	sábado
Roubo/Furto	Noite	Doces/Chocolate	SP	SP	3	Autônomo	terça-feira
Roubo/Furto	Manhã	Alumínio	SP	GO	2	Autônomo	sábado
Roubo/Furto	Madrugada	Alimentício	RS	DF	1	Autônomo	sábado
Roubo/Furto	Tarde	Defensivo Agrícola	SP	PI	3	Autônomo	quinta-feira
Roubo/Furto	Madrugada	Específicas	SP	ES	1	Autônomo	quinta-feira
Roubo/Furto	Noite	Frigorífico	MG	SP	4	Autônomo	sexta-feira
Roubo/Furto	Noite	Alumínio	SP	MG	2	Autônomo	quinta-feira
Roubo/Furto	Madrugada	Minério	GO	RS	4	Autônomo	quarta-feira
Roubo/Furto	Noite	Frigorífico	MT	SP	2	Autônomo	segunda-feira
Roubo/Furto	Madrugada	Combustível	SP	SP	1	Autônomo	quinta-feira
Roubo/Furto	Madrugada	Sementes	MG	SP	1	Autônomo	domingo
Roubo/Furto	Noite	Veículo	BA	RO	1	Autônomo	sábado
Roubo/Furto	Noite	Alumínio	GO	SP	1	Autônomo	quarta-feira
Roubo/Furto	Tarde	Laticínios	SP	MA	3	Autônomo	sábado
Roubo/Furto	Noite	Combustível	BA	MG	1	Autônomo	quinta-feira
Roubo/Furto	Tarde	Aço/Ferro	SC	MT	1	Autônomo	quinta-feira
Roubo/Furto	Tarde	Café	ES	SP	1	Autônomo	sexta-feira
Roubo/Furto	Tarde	Autopeças	EX	SP	1	Autônomo	segunda-feira
Roubo/Furto	Madrugada	Alumínio	SP	AM	3	Autônomo	segunda-feira
Roubo/Furto	Madrugada	Laticínios	RS	RJ	3	Autônomo	segunda-feira
Roubo/Furto	Noite	Combustível	SP	SP	1	Autônomo	quinta-feira
Roubo/Furto	Madrugada	Autopeças	RS	ES	2	Autônomo	sexta-feira
Roubo/Furto	Madrugada	Eletrônicos	RS	RS	3	Autônomo	segunda-feira
Roubo/Furto	Madrugada	Alimentício	CE	AL	1	Autônomo	sábado
Roubo/Furto	Noite	Laticínios	SP	MA	3	Autônomo	sexta-feira
Roubo/Furto	Tarde	Alumínio	GO	SP	1	Autônomo	quarta-feira
Roubo/Furto	Madrugada	Confecção/Tecido/Fios	SP	SP	4	Autônomo	terça-feira
Roubo/Furto	Noite	Bebidas	SP	MG	1	Autônomo	sexta-feira
Roubo/Furto	Tarde	Confecção/Tecido/Fios	SP	SP	1	Autônomo	terça-feira
Roubo/Furto	Madrugada	Alumínio	SC	SP	2	Autônomo	quinta-feira
Roubo/Furto	Noite	Fios/Cabos	SP	DF	3	Autônomo	quinta-feira
Roubo/Furto	Noite	Confecção/Tecido/Fios	SC	SP	2	Autônomo	terça-feira
Roubo/Furto	Noite	Laticínios	RJ	PB	1	Autônomo	quinta-feira
Roubo/Furto	Noite	Frigorífico	GO	SP	1	Autônomo	domingo
Roubo/Furto	Manhã	Alumínio	SP	SP	2	Autônomo	quarta-feira
Roubo/Furto	Noite	Bebidas	SP	GO	1	Autônomo	sábado
Roubo/Furto	Noite	Polímeros	SP	MG	1	Autônomo	quinta-feira
Roubo/Furto	Madrugada	Sementes	MT	MS	4	Autônomo	sábado
Roubo/Furto	Tarde	Hig/Limp/Cosm	EX	SP	5	Autônomo	domingo
Roubo/Furto	Noite	Medicamento	DF	RJ	4	Autônomo	quinta-feira
Roubo/Furto	Manhã	Frigorífico	TO	RJ	2	Autônomo	quinta-feira
Roubo/Furto	Tarde	Sementes	GO	GO	4	Autônomo	segunda-feira
Roubo/Furto	Madrugada	Café	SP	SE	2	Autônomo	domingo
Roubo/Furto	Madrugada	Café	MG	SC	3	Autônomo	terça-feira
Roubo/Furto	Madrugada	Alumínio	RJ	MG	1	Autônomo	sexta-feira
Roubo/Furto	Tarde	Polímeros	RJ	BA	1	Autônomo	domingo
Roubo/Furto	Noite	Químico	SP	PI	1	Autônomo	quarta-feira
Roubo/Furto	Madrugada	Hig/Limp/Cosm	SP	MA	1	Autônomo	domingo
Roubo/Furto	Madrugada	Calçados	SP	RJ	2	Autônomo	terça-feira
Roubo/Furto	Madrugada	Confecção/Tecido/Fios	PR	GO	4	Autônomo	quinta-feira
Roubo/Furto	Noite	Calçados	SP	PE	4	Autônomo	sábado
Roubo/Furto	Madrugada	Calçados	SP	SP	3	Autônomo	quinta-feira
Roubo/Furto	Manhã	Frigorífico	TO	RJ	2	Autônomo	domingo
Roubo/Furto	Manhã	Óleo Lubrificante	RJ	MT	1	Autônomo	segunda-feira
Roubo/Furto	Noite	Hig/Limp/Cosm	SP	ES	1	Autônomo	quarta-feira
Roubo/Furto	Tarde	Fertilizantes	SP	CE	2	Autônomo	quinta-feira
Roubo/Furto	Tarde	Pescado	SC	PE	2	Autônomo	quinta-feira
Roubo/Furto	Madrugada	Café	MG	SP	2	Autônomo	sábado
Roubo/Furto	Madrugada	Confecção/Tecido/Fios	BA	SP	4	Autônomo	segunda-feira
Roubo/Furto	Noite	Aço/Ferro	SP	SP	2	Autônomo	quinta-feira
Roubo/Furto	Noite	Confecção/Tecido/Fios	BA	SP	4	Autônomo	sexta-feira
Roubo/Furto	Tarde	Específicas	RJ	RJ	1	Autônomo	sexta-feira
Roubo/Furto	Madrugada	Específicas	MG	RJ	1	Autônomo	terça-feira
Roubo/Furto	Madrugada	Frigorífico	GO	SP	2	Autônomo	domingo
Roubo/Furto	Noite	Óleo Lubrificante	RJ	MT	2	Autônomo	sábado
Roubo/Furto	Madrugada	Frigorífico	MT	SP	2	Autônomo	quinta-feira
Roubo/Furto	Noite	Combustível	PR	MT	1	Autônomo	quinta-feira
Roubo/Furto	Tarde	Pescado	CE	PE	2	Autônomo	domingo
Roubo/Furto	Madrugada	E-Commerce	MG	GO	1	Autônomo	sexta-feira
Roubo/Furto	Tarde	Bebidas	SP	DF	1	Autônomo	sábado
Roubo/Furto	Madrugada	Couro	GO	SP	2	Autônomo	sábado
Roubo/Furto	Manhã	Confecção/Tecido/Fios	RJ	RJ	1	Autônomo	quarta-feira
Roubo/Furto	Tarde	Eletrodoméstico	SP	PE	3	Autônomo	quinta-feira
Roubo/Furto	Noite	Fraldas	GO	RJ	1	Autônomo	quinta-feira
Roubo/Furto	Noite	Alumínio	SP	SP	1	Autônomo	quarta-feira
Roubo/Furto	Noite	Aço/Ferro	SP	SP	1	Autônomo	sábado
Roubo/Furto	Tarde	Pescado	SP	RJ	1	Autônomo	domingo
Roubo/Furto	Manhã	Frigorífico	MT	RJ	3	Autônomo	quarta-feira
Roubo/Furto	Noite	Hig/Limp/Cosm	GO	SP	4	Autônomo	quarta-feira
Roubo/Furto	Madrugada	Geral	MG	SP	3	Autônomo	domingo
Roubo/Furto	Tarde	Confecção/Tecido/Fios	SP	SP	1	Autônomo	sexta-feira
Roubo/Furto	Madrugada	Aço/Ferro	MG	MS	1	Autônomo	segunda-feira
Roubo/Furto	Madrugada	Fios/Cabos	SP	PE	2	Autônomo	domingo
Roubo/Furto	Noite	Específicas	SP	SP	1	Autônomo	terça-feira
Roubo/Furto	Tarde	Frigorífico	MT	SP	3	Autônomo	segunda-feira
Roubo/Furto	Manhã	Alumínio	ES	SP	3	Autônomo	quinta-feira
Roubo/Furto	Madrugada	Papel	MS	DF	1	Autônomo	quarta-feira
Roubo/Furto	Noite	Alimentício	PE	CE	2	Autônomo	domingo
Roubo/Furto	Noite	Bebidas	RJ	BA	1	Autônomo	terça-feira
Roubo/Furto	Manhã	Óleo Lubrificante	RJ	GO	2	Autônomo	terça-feira
Roubo/Furto	Manhã	Fios/Cabos	SP	RJ	2	Autônomo	quinta-feira
Roubo/Furto	Manhã	Laticínios	SP	MA	3	Autônomo	domingo
Roubo/Furto	Manhã	Tubos e Conexões	SP	RJ	2	Autônomo	sábado
Roubo/Furto	Madrugada	Bebidas	SP	GO	1	Autônomo	sábado
Roubo/Furto	Madrugada	Polímeros	SC	SP	1	Autônomo	segunda-feira
Roubo/Furto	Noite	Tubos e Conexões	SP	SP	1	Autônomo	domingo
Roubo/Furto	Madrugada	Aço/Ferro	SP	SP	1	Autônomo	quarta-feira
Roubo/Furto	Noite	Óleo Comestível	MT	MG	1	Autônomo	quinta-feira
Roubo/Furto	Manhã	Minério	SP	PR	1	Autônomo	quarta-feira
Roubo/Furto	Madrugada	Polímeros	RS	PR	1	Autônomo	terça-feira
Roubo/Furto	Manhã	Sementes	MT	PR	3	Autônomo	segunda-feira
Roubo/Furto	Manhã	Confecção/Tecido/Fios	SP	SP	2	Autônomo	segunda-feira
Roubo/Furto	Tarde	Polímeros	SP	ES	1	Autônomo	quarta-feira
Roubo/Furto	Noite	Frigorífico	SP	SP	3	Autônomo	segunda-feira
Roubo/Furto	Manhã	Específicas	SE	SE	1	Autônomo	quarta-feira
Roubo/Furto	Madrugada	Alumínio	MG	SP	1	Autônomo	quinta-feira
Roubo/Furto	Noite	Defensivo Agrícola	SP	MT	3	Autônomo	quarta-feira
Roubo/Furto	Noite	Polímeros	RJ	PR	1	Autônomo	quarta-feira
Roubo/Furto	Manhã	Hig/Limp/Cosm	MG	MG	3	Autônomo	quinta-feira
Roubo/Furto	Tarde	Calçados	MG	MS	1	Autônomo	quarta-feira
Roubo/Furto	Madrugada	Fios/Cabos	SP	PE	4	Autônomo	domingo
Roubo/Furto	Tarde	Eletrônicos	MG	SP	2	Autônomo	terça-feira
Roubo/Furto	Noite	Tratores/Empilhadeiras	MG	SP	1	Autônomo	quinta-feira
Roubo/Furto	Madrugada	Laticínios	SC	MG	2	Autônomo	terça-feira
Roubo/Furto	Madrugada	Bebidas	PE	MG	3	Autônomo	quarta-feira
Roubo/Furto	Madrugada	Geral	PR	SP	1	Autônomo	terça-feira
Roubo/Furto	Noite	Químico	SP	GO	1	Autônomo	quinta-feira
Roubo/Furto	Madrugada	Pescado	SP	RJ	2	Autônomo	sexta-feira
Roubo/Furto	Madrugada	Laticínios	GO	PI	1	Autônomo	sábado
Roubo/Furto	Noite	Aço/Ferro	RJ	MG	1	Autônomo	domingo
Roubo/Furto	Tarde	Laticínios	RS	PA	3	Autônomo	sábado
Roubo/Furto	Noite	Geral	PR	PB	1	Autônomo	sexta-feira
Roubo/Furto	Noite	Laticínios	BA	ES	1	Autônomo	sábado
Roubo/Furto	Tarde	E-commerce	PE	MA	2	Autônomo	sábado
Roubo/Furto	Noite	Fraldas	GO	PA	1	Autônomo	domingo
Roubo/Furto	Noite	E-commerce	PE	AL	2	Autônomo	terça-feira
Roubo/Furto	Madrugada	Combustível	SP	SP	1	Autônomo	quarta-feira
Roubo/Furto	Noite	Frigorífico	MT	SP	2	Autônomo	segunda-feira
Roubo/Furto	Manhã	Alumínio	ES	SP	3	Autônomo	quinta-feira
Roubo/Furto	Noite	Alumínio	PR	SP	1	Autônomo	segunda-feira
Roubo/Furto	Madrugada	Alumínio	SP	MT	3	Autônomo	terça-feira
Roubo/Furto	Manhã	Confecção/Tecido/Fios	SP	SP	1	Autônomo	terça-feira
Roubo/Furto	Madrugada	Alimentício	SP	RJ	2	Autônomo	quinta-feira
Roubo/Furto	Manhã	Hig/Limp/Cosm	PE	CE	1	Autônomo	terça-feira
Roubo/Furto	Madrugada	Alumínio	SC	SP	2	Autônomo	quarta-feira
Roubo/Furto	Madrugada	Medicamento	SP	RS	4	Autônomo	quarta-feira
Roubo/Furto	Noite	Específicas	RJ	SP	1	Autônomo	quarta-feira
Roubo/Furto	Madrugada	Hig/Limp/Cosm	SP	GO	1	Funcionário	sexta-feira
Roubo/Furto	Noite	Pescado	RN	RJ	1	Funcionário	quarta-feira
Roubo/Furto	Manhã	Pescado	RJ	RJ	2	Funcionário	quarta-feira
Roubo/Furto	Noite	Hig/Limp/Cosm	SP	PI	4	Funcionário	segunda-feira
Roubo/Furto	Tarde	Alumínio	SP	DF	3	Funcionário	segunda-feira
Roubo/Furto	Noite	Hig/Limp/Cosm	SP	PA	3	Funcionário	quarta-feira
Roubo/Furto	Tarde	Frigorífico	GO	SC	2	Funcionário	quarta-feira
Roubo/Furto	Tarde	Hig/Limp/Cosm	SP	PE	5	Funcionário	segunda-feira
Roubo/Furto	Madrugada	Alimentício	SP	BA	1	Funcionário	terça-feira
Roubo/Furto	Noite	Frigorífico	ES	EX	3	Funcionário	quinta-feira
Roubo/Furto	Noite	Hig/Limp/Cosm	PE	BA	3	Funcionário	terça-feira
Roubo/Furto	Madrugada	Específicas	RJ	RJ	1	Funcionário	quinta-feira
Roubo/Furto	Noite	Alimentício	SP	RJ	1	Funcionário	quinta-feira
Roubo/Furto	Noite	Alumínio	MG	SP	1	Funcionário	terça-feira
Roubo/Furto	Madrugada	Eletrônicos	SP	SP	4	Funcionário	sexta-feira
Roubo/Furto	Noite	Hig/Limp/Cosm	SP	PB	4	Funcionário	quinta-feira
Roubo/Furto	Noite	Computador/Tablet	RJ	SP	2	Funcionário	quarta-feira
Roubo/Furto	Manhã	Frigorífico	PR	RJ	1	Funcionário	quarta-feira
Roubo/Furto	Madrugada	Bebidas	SP	DF	1	Funcionário	quarta-feira
Roubo/Furto	Madrugada	Geral	RJ	SP	3	Funcionário	quinta-feira
Roubo/Furto	Madrugada	Hig/Limp/Cosm	MG	RS	2	Funcionário	quarta-feira
Roubo/Furto	Noite	Pescado	EX	SP	4	Funcionário	sábado
Roubo/Furto	Noite	Frigorífico	GO	RJ	3	Funcionário	quinta-feira
Roubo/Furto	Tarde	Hig/Limp/Cosm	SP	RN	4	Funcionário	terça-feira
Roubo/Furto	Madrugada	Frigorífico	TO	RJ	3	Funcionário	quarta-feira
Roubo/Furto	Madrugada	Confecção/Tecido/Fios	RJ	SP	3	Funcionário	terça-feira
Roubo/Furto	Manhã	Alimentício	RJ	RJ	2	Funcionário	segunda-feira
Roubo/Furto	Manhã	Hig/Limp/Cosm	SP	SP	2	Funcionário	sexta-feira
Roubo/Furto	Noite	Específicas	RJ	SP	2	Funcionário	sexta-feira
Roubo/Furto	Noite	Alimentício	PA	PA	1	Funcionário	segunda-feira
Roubo/Furto	Tarde	Frigorífico	SC	RJ	1	Funcionário	terça-feira
Roubo/Furto	Noite	Combustível	SP	SP	1	Funcionário	quinta-feira
Roubo/Furto	Noite	Frigorífico	PR	SC	1	Funcionário	segunda-feira
Roubo/Furto	Tarde	Frigorífico	SC	RJ	1	Funcionário	terça-feira
Roubo/Furto	Noite	Específicas	RS	RJ	2	Funcionário	quarta-feira
Roubo/Furto	Noite	Defensivo Agrícola	SP	GO	4	Funcionário	sexta-feira
Roubo/Furto	Tarde	Hig/Limp/Cosm	SP	PB	4	Funcionário	domingo
Roubo/Furto	Manhã	Alumínio	SP	SP	4	Funcionário	quarta-feira
Roubo/Furto	Tarde	Alimentício	SP	PE	2	Funcionário	quarta-feira
Roubo/Furto	Noite	Geral	RJ	SP	2	Funcionário	quinta-feira
Roubo/Furto	Noite	Café	BA	PR	2	Funcionário	segunda-feira
Roubo/Furto	Tarde	Pescado	RJ	RJ	2	Funcionário	domingo
Roubo/Furto	Noite	Hig/Limp/Cosm	SP	PE	3	Funcionário	terça-feira
Roubo/Furto	Madrugada	Aço/Ferro	SC	SC	1	Funcionário	sábado
Roubo/Furto	Noite	Frigorífico	EX	SP	2	Funcionário	quinta-feira
Roubo/Furto	Tarde	Específicas	SP	SP	3	Funcionário	quarta-feira
Roubo/Furto	Noite	Confecção/Tecido/Fios	RJ	SP	3	Funcionário	quarta-feira
Roubo/Furto	Tarde	Calçados	SP	PE	4	Funcionário	sábado
Roubo/Furto	Tarde	Pneus	PE	SP	3	Funcionário	domingo
Roubo/Furto	Noite	Alimentício	MG	GO	3	Funcionário	quinta-feira
Roubo/Furto	Madrugada	Confecção/Tecido/Fios	SP	SP	1	Funcionário	terça-feira
Roubo/Furto	Manhã	Alimentício	GO	BA	1	Funcionário	domingo
Roubo/Furto	Manhã	Frigorífico	RJ	PE	2	Funcionário	terça-feira
Roubo/Furto	Noite	Confecção/Tecido/Fios	RJ	AL	3	Funcionário	quinta-feira
Roubo/Furto	Noite	Específicas	SP	BA	1	Funcionário	terça-feira
Roubo/Furto	Madrugada	Hig/Limp/Cosm	SP	SP	3	Funcionário	sexta-feira
Roubo/Furto	Noite	Frigorífico	SP	SP	4	Funcionário	sexta-feira
Roubo/Furto	Madrugada	Confecção/Tecido/Fios	RJ	RJ	1	Funcionário	sábado
Roubo/Furto	Noite	Alumínio	SP	SP	1	Funcionário	quarta-feira
Roubo/Furto	Noite	Laticínios	ES	SP	2	Funcionário	quinta-feira
Roubo/Furto	Madrugada	Laticínios	GO	PA	3	Funcionário	sábado
Roubo/Furto	Madrugada	Confecção/Tecido/Fios	SC	SP	2	Funcionário	terça-feira
Roubo/Furto	Tarde	Alumínio	ES	SP	3	Funcionário	quinta-feira
Roubo/Furto	Manhã	Pneus	BA	SP	3	Funcionário	sábado
Roubo/Furto	Noite	Café	MG	MG	1	Funcionário	quinta-feira
Roubo/Furto	Noite	Hig/Limp/Cosm	SP	ES	3	Funcionário	segunda-feira
Roubo/Furto	Tarde	Combustível	SP	MS	1	Funcionário	quarta-feira
Roubo/Furto	Noite	Laticínios	GO	BA	2	Funcionário	quinta-feira
Roubo/Furto	Madrugada	Hig/Limp/Cosm	SP	ES	1	Funcionário	sexta-feira
Roubo/Furto	Manhã	Celulares	AM	PI	3	Funcionário	terça-feira
Roubo/Furto	Madrugada	Geral	MA	PA	1	Funcionário	terça-feira
Roubo/Furto	Madrugada	Hig/Limp/Cosm	SP	PE	3	Funcionário	quarta-feira
Roubo/Furto	Madrugada	Combustível	SP	SP	1	Funcionário	quinta-feira
Roubo/Furto	Noite	Pescado	CE	SP	3	Funcionário	quarta-feira
Roubo/Furto	Noite	Frigorífico	SC	SC	1	Funcionário	domingo
Roubo/Furto	Noite	Combustível	PR	MS	1	Funcionário	terça-feira
Roubo/Furto	Noite	Alimentício	SP	PB	3	Funcionário	segunda-feira
Roubo/Furto	Noite	Alimentício	SP	RJ	1	Funcionário	quarta-feira
Roubo/Furto	Manhã	Alimentício	SP	PR	2	Funcionário	sexta-feira
Roubo/Furto	Tarde	Alumínio	SP	SP	1	Funcionário	quarta-feira
Roubo/Furto	Manhã	Veículo	PR	SP	4	Funcionário	quarta-feira
Roubo/Furto	Madrugada	Polímeros	SP	PA	1	Funcionário	quarta-feira
Roubo/Furto	Noite	Ofalmologicos	SP	SP	4	Funcionário	quarta-feira
Roubo/Furto	Tarde	Veículo	PR	BA	3	Funcionário	quarta-feira
Roubo/Furto	Noite	Hig/Limp/Cosm	SP	GO	1	Funcionário	quarta-feira
Roubo/Furto	Noite	Alimentício	SP	RJ	1	Funcionário	quarta-feira
Roubo/Furto	Noite	Combustível	RS	PR	1	Funcionário	quinta-feira
Roubo/Furto	Manhã	Confecção/Tecido/Fios	SP	SP	5	Funcionário	quarta-feira
Roubo/Furto	Madrugada	Hig/Limp/Cosm	SP	PE	3	Funcionário	domingo
Roubo/Furto	Madrugada	Hig/Limp/Cosm	SP	PE	3	Funcionário	domingo
Roubo/Furto	Tarde	Hig/Limp/Cosm	SP	PE	3	Funcionário	quarta-feira
Roubo/Furto	Tarde	Hig/Limp/Cosm	SP	CE	4	Funcionário	terça-feira
Roubo/Furto	Manhã	Tratores/Empilhadeiras	ES	PA	1	Funcionário	domingo
Roubo/Furto	Manhã	Calçados	SP	SP	3	Funcionário	quinta-feira
Roubo/Furto	Noite	Laticínios	SC	MT	1	Funcionário	domingo
Roubo/Furto	Madrugada	Específicas	RJ	RJ	2	Funcionário	quarta-feira
Roubo/Furto	Madrugada	Hig/Limp/Cosm	SP	PE	3	Funcionário	domingo
Roubo/Furto	Manhã	Frigorífico	PR	RJ	1	Funcionário	domingo
Roubo/Furto	Noite	Eletrônicos	SP	SP	5	Funcionário	segunda-feira
Roubo/Furto	Manhã	Hig/Limp/Cosm	SP	RN	4	Funcionário	sexta-feira
Roubo/Furto	Noite	Hospitalar	GO	SP	4	Funcionário	sábado
Roubo/Furto	Tarde	Hig/Limp/Cosm	SP	PB	4	Funcionário	quarta-feira
Roubo/Furto	Tarde	Hig/Limp/Cosm	SP	PB	4	Funcionário	sábado
Roubo/Furto	Noite	Bateria	SP	GO	4	Funcionário	sábado
Roubo/Furto	Tarde	Hig/Limp/Cosm	SP	RJ	1	Funcionário	sexta-feira
Roubo/Furto	Noite	Hig/Limp/Cosm	SP	RN	4	Funcionário	segunda-feira
Roubo/Furto	Noite	Calçados	SP	PE	2	Funcionário	domingo
Roubo/Furto	Madrugada	Eletrodoméstico	MG	MG	2	Funcionário	segunda-feira
Roubo/Furto	Noite	Químico	BA	SP	2	Funcionário	sábado
Roubo/Furto	Noite	Específicas	RS	RJ	3	Funcionário	domingo
Roubo/Furto	Madrugada	Alimentício	SP	CE	1	Funcionário	segunda-feira
Roubo/Furto	Tarde	Alumínio	SP	MG	3	Funcionário	terça-feira
Roubo/Furto	Madrugada	Alimentício	SP	RJ	1	Funcionário	segunda-feira
Roubo/Furto	Manhã	Frigorífico	RO	RJ	2	Funcionário	domingo
Roubo/Furto	Madrugada	Doces/Chocolate	EX	MG	4	Funcionário	quinta-feira
Roubo/Furto	Tarde	Defensivo Agrícola	GO	GO	3	Funcionário	segunda-feira
Roubo/Furto	Tarde	Hig/Limp/Cosm	SP	PE	5	Funcionário	sábado
Roubo/Furto	Madrugada	Hig/Limp/Cosm	SP	BA	1	Funcionário	domingo
Roubo/Furto	Tarde	Hig/Limp/Cosm	PE	RN	1	Funcionário	domingo
Roubo/Furto	Noite	Celulares	BA	BA	2	Funcionário	quarta-feira
Roubo/Furto	Tarde	Eletrodoméstico	SP	RJ	2	Funcionário	quinta-feira
Roubo/Furto	Madrugada	Hig/Limp/Cosm	SP	PA	3	Funcionário	quarta-feira
Roubo/Furto	Noite	Alimentício	CE	PR	2	Funcionário	domingo
Roubo/Furto	Tarde	Laticínios	RJ	RJ	2	Funcionário	sexta-feira
Roubo/Furto	Noite	Combustível	BA	GO	1	Funcionário	sexta-feira
Roubo/Furto	Tarde	Defensivo Agrícola	MG	TO	1	Funcionário	segunda-feira
Roubo/Furto	Madrugada	Confecção/Tecido/Fios	RJ	PI	4	Funcionário	sábado
Roubo/Furto	Noite	Defensivo Agrícola	SP	MT	5	Funcionário	segunda-feira
Roubo/Furto	Madrugada	Frigorífico	MG	RJ	2	Funcionário	quinta-feira
Roubo/Furto	Madrugada	Alimentício	SC	PR	1	Funcionário	sábado
Roubo/Furto	Madrugada	Específicas	MG	SP	2	Funcionário	quarta-feira
Roubo/Furto	Manhã	Café	GO	SP	3	Funcionário	segunda-feira
Roubo/Furto	Manhã	Material Elétrico	SP	SP	1	Funcionário	segunda-feira
Roubo/Furto	Manhã	Específicas	RJ	RJ	1	Funcionário	sexta-feira
Roubo/Furto	Noite	Específicas	SP	SP	1	Funcionário	terça-feira
Roubo/Furto	Noite	Químico	PA	PE	4	Funcionário	domingo
Roubo/Furto	Tarde	Alumínio	ES	SP	4	Funcionário	segunda-feira
Roubo/Furto	Madrugada	Frigorífico	GO	SP	4	Funcionário	domingo
Roubo/Furto	Madrugada	Confecção/Tecido/Fios	RJ	MA	3	Funcionário	sábado
Roubo/Furto	Tarde	Hig/Limp/Cosm	SP	MT	3	Funcionário	domingo
Roubo/Furto	Tarde	Óleo Lubrificante	RJ	SC	3	Funcionário	terça-feira
Roubo/Furto	Madrugada	Calçados	SP	MG	4	Funcionário	quarta-feira
Roubo/Furto	Noite	Frigorífico	RS	RJ	2	Funcionário	quinta-feira
Roubo/Furto	Noite	Específicas	RJ	SP	1	Funcionário	segunda-feira
Roubo/Furto	Madrugada	Laticínios	GO	SP	1	Funcionário	quarta-feira
Roubo/Furto	Noite	Café	MG	SP	1	Funcionário	quarta-feira
Roubo/Furto	Madrugada	Geral	SP	SP	1	Funcionário	quarta-feira
Roubo/Furto	Tarde	Hig/Limp/Cosm	SP	PI	5	Funcionário	sábado
Roubo/Furto	Tarde	Químico	PA	PE	4	Funcionário	domingo
Roubo/Furto	Noite	Defensivo Agrícola	SP	SP	2	Funcionário	segunda-feira
Roubo/Furto	Tarde	Laticínios	RJ	RJ	2	Funcionário	sexta-feira
Roubo/Furto	Manhã	Hig/Limp/Cosm	SP	PB	4	Funcionário	quinta-feira
Roubo/Furto	Madrugada	Hig/Limp/Cosm	SP	PB	3	Funcionário	sábado
Roubo/Furto	Noite	Específicas	SP	RO	3	Funcionário	terça-feira
Roubo/Furto	Tarde	Bebidas	RS	RJ	1	Funcionário	domingo
Roubo/Furto	Manhã	Frigorífico	PR	SC	1	Funcionário	quinta-feira
Roubo/Furto	Manhã	Laticínios	RS	RJ	1	Funcionário	quinta-feira
Roubo/Furto	Madrugada	Hig/Limp/Cosm	SP	PE	4	Funcionário	quinta-feira
Roubo/Furto	Noite	Doces/Chocolate	EX	MG	4	Funcionário	domingo
Roubo/Furto	Noite	Material Elétrico	SP	RJ	2	Funcionário	quarta-feira
Roubo/Furto	Noite	Frigorífico	RO	RJ	2	Funcionário	sexta-feira
Roubo/Furto	Tarde	Alimentício	RJ	RJ	1	Funcionário	sexta-feira
Roubo/Furto	Tarde	Confecção/Tecido/Fios	SP	SP	1	Funcionário	quinta-feira
Roubo/Furto	Noite	Aço/Ferro	MG	RJ	3	Funcionário	domingo
Roubo/Furto	Tarde	Hig/Limp/Cosm	SP	BA	4	Funcionário	quinta-feira
Roubo/Furto	Madrugada	Combustível	SP	MG	2	Funcionário	quinta-feira
Roubo/Furto	Manhã	Pneus	SP	PA	2	Funcionário	quinta-feira
Roubo/Furto	Manhã	Alumínio	SP	DF	4	Funcionário	terça-feira
Roubo/Furto	Noite	Hig/Limp/Cosm	PE	SP	4	Funcionário	sexta-feira
Roubo/Furto	Noite	Hig/Limp/Cosm	SP	PE	3	Funcionário	domingo
Roubo/Furto	Madrugada	Pescado	SP	RJ	1	Funcionário	quinta-feira
Roubo/Furto	Tarde	Calçados	RS	ES	4	Funcionário	sábado
Roubo/Furto	Madrugada	Hig/Limp/Cosm	SP	RN	3	Funcionário	domingo
Roubo/Furto	Manhã	Polímeros	SC	SP	1	Funcionário	segunda-feira
Roubo/Furto	Madrugada	Frigorífico	GO	SP	3	Funcionário	sexta-feira
Roubo/Furto	Manhã	Hig/Limp/Cosm	PE	CE	1	Funcionário	quarta-feira
Roubo/Furto	Tarde	Frigorífico	TO	RJ	3	Funcionário	sexta-feira
Roubo/Furto	Manhã	Polímeros	SC	SP	1	Funcionário	sexta-feira
Roubo/Furto	Madrugada	Específicas	MG	MG	2	Funcionário	segunda-feira
Roubo/Furto	Tarde	Hig/Limp/Cosm	SP	RJ	3	Funcionário	segunda-feira
Roubo/Furto	Madrugada	Eletrônicos	SP	SP	2	Funcionário	sexta-feira
Roubo/Furto	Noite	Hig/Limp/Cosm	SP	PI	4	Funcionário	segunda-feira
Roubo/Furto	Noite	Bebidas	PR	SC	1	Funcionário	quinta-feira
Roubo/Furto	Noite	Hig/Limp/Cosm	SP	PE	3	Funcionário	sábado
Roubo/Furto	Noite	Papel	MS	RJ	3	Funcionário	terça-feira
Roubo/Furto	Madrugada	Hig/Limp/Cosm	MG	SP	3	Funcionário	quinta-feira
Roubo/Furto	Manhã	Hig/Limp/Cosm	SP	PE	3	Funcionário	sexta-feira
Roubo/Furto	Noite	Medicamento	RJ	RJ	1	Funcionário	segunda-feira
Roubo/Furto	Manhã	Doces/Chocolate	EX	MG	5	Funcionário	quinta-feira
Roubo/Furto	Madrugada	Bebidas	MG	RS	1	Funcionário	quarta-feira
Roubo/Furto	Noite	Frigorífico	SC	SC	1	Funcionário	quarta-feira
Roubo/Furto	Tarde	Eletrodoméstico	SP	SC	1	Funcionário	domingo
Roubo/Furto	Noite	Hig/Limp/Cosm	SP	PE	2	Funcionário	quinta-feira
Roubo/Furto	Tarde	Hig/Limp/Cosm	SP	PI	4	Funcionário	sábado
Roubo/Furto	Noite	Óleo Comestível	MG	GO	1	Funcionário	terça-feira
Roubo/Furto	Madrugada	Calçados	MG	RS	1	Funcionário	domingo
Roubo/Furto	Tarde	Hig/Limp/Cosm	MG	RJ	1	Funcionário	quinta-feira
Roubo/Furto	Noite	Hig/Limp/Cosm	MG	RJ	1	Funcionário	segunda-feira
Roubo/Furto	Manhã	Material Elétrico	SP	PA	4	Funcionário	sexta-feira
Roubo/Furto	Madrugada	Alimentício	SP	RJ	1	Funcionário	sexta-feira
Roubo/Furto	Tarde	Pescado	SP	RJ	1	Funcionário	quinta-feira
Roubo/Furto	Noite	Alimentício	SP	RJ	1	Funcionário	quarta-feira
Roubo/Furto	Manhã	Café	MG	MG	3	Funcionário	terça-feira
Roubo/Furto	Tarde	Hig/Limp/Cosm	MG	RJ	1	Funcionário	sábado
Roubo/Furto	Manhã	Defensivo Agrícola	SP	SP	1	Funcionário	sexta-feira
Roubo/Furto	Noite	Eletrodoméstico	SP	RJ	2	Funcionário	quarta-feira
Roubo/Furto	Noite	Frigorífico	MG	SP	3	Funcionário	terça-feira
Roubo/Furto	Tarde	Alimentício	PA	RJ	1	Funcionário	segunda-feira
Roubo/Furto	Noite	Café	ES	SE	3	Funcionário	terça-feira
Roubo/Furto	Noite	Químico	BA	SP	3	Funcionário	quinta-feira
Roubo/Furto	Noite	Defensivo Agrícola	SP	PE	5	Funcionário	segunda-feira
Roubo/Furto	Manhã	Eletrônicos	SP	SP	5	Funcionário	quinta-feira
Roubo/Furto	Noite	Eletrônicos	SP	DF	4	Funcionário	sábado
Roubo/Furto	Manhã	Hig/Limp/Cosm	SP	PE	3	Funcionário	sexta-feira
Roubo/Furto	Madrugada	Hig/Limp/Cosm	SP	PE	4	Funcionário	quinta-feira
Roubo/Furto	Noite	Específicas	SP	SP	5	Funcionário	quarta-feira
Roubo/Furto	Manhã	E-Commerce	MG	MG	2	Funcionário	segunda-feira
Roubo/Furto	Sem Inf	Pescado	EX	SP	4	S/Comprovação	quarta-feira
Roubo/Furto	Noite	Frigorífico	MT	RJ	1	S/Comprovação	sábado
Roubo/Furto	Tarde	Hig/Limp/Cosm	GO	PE	1	S/Comprovação	domingo
Roubo/Furto	Noite	Específicas	CE	GO	4	S/Comprovação	segunda-feira
Roubo/Furto	Madrugada	Café	MG	SP	2	S/Comprovação	quarta-feira
Roubo/Furto	Madrugada	Hig/Limp/Cosm	SC	SP	2	S/Comprovação	quarta-feira
Roubo/Furto	Manhã	Frigorífico	RJ	PE	3	S/Comprovação	sexta-feira
Roubo/Furto	Madrugada	Frigorífico	GO	SP	4	S/Comprovação	segunda-feira
Roubo/Furto	Madrugada	Pneus	SC	MG	3	S/Comprovação	quinta-feira
Roubo/Furto	Madrugada	Frigorífico	MS	RS	1	S/Comprovação	quinta-feira
Roubo/Furto	Tarde	Calçados	SP	GO	3	S/Comprovação	sexta-feira
Roubo/Furto	Madrugada	E-commerce	ES	RJ	2	S/Comprovação	terça-feira
Roubo/Furto	Madrugada	Laticínios	GO	SP	1	S/Comprovação	segunda-feira
Roubo/Furto	Tarde	Veículo	MG	PR	3	S/Comprovação	terça-feira
Roubo/Furto	Noite	Alimentício	SP	SP	1	S/Comprovação	quinta-feira
Roubo/Furto	Madrugada	Bebidas	PE	CE	3	S/Comprovação	quinta-feira
Roubo/Furto	Tarde	Aço/Ferro	RS	PR	1	S/Comprovação	segunda-feira
Roubo/Furto	Madrugada	Combustível	RJ	SP	1	S/Comprovação	segunda-feira
Roubo/Furto	Noite	Frigorífico	RO	SP	3	S/Comprovação	domingo
Roubo/Furto	Tarde	Doces/Chocolate	SP	SP	1	S/Comprovação	terça-feira
Roubo/Furto	Sem Inf	Algodão	BA	PA	2	S/Comprovação	sábado
Roubo/Furto	Manhã	Específicas	SP	SP	2	S/Comprovação	sábado
Roubo/Furto	Noite	Algodão	GO	SP	1	S/Comprovação	sábado
Roubo/Furto	Manhã	Específicas	RS	RS	1	S/Comprovação	terça-feira
Roubo/Furto	Madrugada	Específicas	RS	RJ	2	S/Comprovação	quinta-feira
Roubo/Furto	Madrugada	Hig/Limp/Cosm	SP	ES	1	S/Comprovação	segunda-feira
Roubo/Furto	Noite	Hig/Limp/Cosm	PE	CE	2	S/Comprovação	domingo
Roubo/Furto	Noite	E-commerce	SP	MG	4	S/Comprovação	quarta-feira
Roubo/Furto	Noite	Bebidas	SP	CE	2	S/Comprovação	terça-feira
Roubo/Furto	Tarde	Específicas	PE	BA	2	S/Comprovação	quarta-feira
Roubo/Furto	Tarde	Celulares	ES	RJ	1	S/Comprovação	terça-feira
Roubo/Furto	Manhã	Específicas	PR	PR	1	S/Comprovação	quinta-feira
Roubo/Furto	Manhã	Pescado	EX	SP	3	S/Comprovação	segunda-feira
Roubo/Furto	Noite	Alimentício	PE	RJ	1	S/Comprovação	quinta-feira
Roubo/Furto	Madrugada	Brinquedos	SP	PR	1	S/Comprovação	segunda-feira
Roubo/Furto	Tarde	Veículo	SP	PR	2	S/Comprovação	terça-feira
Roubo/Furto	Manhã	Específicas	SP	RN	2	S/Comprovação	terça-feira
Roubo/Furto	Madrugada	Específicas	SP	SP	3	S/Comprovação	sexta-feira
Roubo/Furto	Madrugada	Alimentício	SP	RJ	1	S/Comprovação	sexta-feira
Roubo/Furto	Noite	Específicas	SP	SP	1	S/Comprovação	sexta-feira
Roubo/Furto	Manhã	Alimentício	SP	CE	2	S/Comprovação	quinta-feira
Roubo/Furto	Tarde	Café	PR	SP	1	S/Comprovação	segunda-feira
Roubo/Furto	Tarde	Combustível	RO	MT	1	S/Comprovação	domingo
Roubo/Furto	Manhã	Hig/Limp/Cosm	MG	RJ	2	S/Comprovação	quarta-feira
Roubo/Furto	Madrugada	Hig/Limp/Cosm	PE	SE	1	S/Comprovação	quinta-feira
Roubo/Furto	Madrugada	Autopeças	SP	MG	5	S/Comprovação	segunda-feira
Roubo/Furto	Tarde	E-Commerce	SP	SC	4	S/Comprovação	terça-feira
Roubo/Furto	Tarde	Frigorífico	TO	RJ	3	S/Comprovação	quinta-feira
Roubo/Furto	Noite	Defensivo Agrícola	MT	MT	4	S/Comprovação	sábado
Roubo/Furto	Manhã	Alimentício	AL	SP	3	S/Comprovação	quinta-feira
Roubo/Furto	Madrugada	Veículo	SP	MG	3	S/Comprovação	sexta-feira
Roubo/Furto	Noite	Café	BA	CE	2	S/Comprovação	quarta-feira
Roubo/Furto	Noite	Combustível	SP	SP	1	S/Comprovação	quarta-feira
Roubo/Furto	Manhã	Confecção/Tecido/Fios	RJ	RJ	1	S/Comprovação	quinta-feira
Roubo/Furto	Madrugada	Confecção/Tecido/Fios	RJ	RJ	1	S/Comprovação	sexta-feira
Roubo/Furto	Madrugada	Veículo	SP	MG	2	S/Comprovação	quinta-feira
Roubo/Furto	Noite	Alimentício	PB	CE	1	S/Comprovação	quarta-feira
Roubo/Furto	Madrugada	Confecção/Tecido/Fios	SP	SP	2	S/Comprovação	quarta-feira
Roubo/Furto	Manhã	Defensivo Agrícola	SP	GO	3	S/Comprovação	quarta-feira
Roubo/Furto	Noite	Hig/Limp/Cosm	PE	PE	1	S/Comprovação	sexta-feira
Roubo/Furto	Noite	Calçados	CE	GO	3	S/Comprovação	sexta-feira
Roubo/Furto	Madrugada	Pescado	SC	RJ	3	S/Comprovação	segunda-feira
Roubo/Furto	Manhã	Frigorífico	MG	SP	3	S/Comprovação	sábado
Roubo/Furto	Madrugada	Laticínios	RS	SP	2	S/Comprovação	quarta-feira
Roubo/Furto	Manhã	Eletrônicos	CE	CE	2	S/Comprovação	quarta-feira
Roubo/Furto	Madrugada	Específicas	SP	MG	4	S/Comprovação	quinta-feira
Roubo/Furto	Tarde	Hig/Limp/Cosm	MG	RS	4	S/Comprovação	sexta-feira
Roubo/Furto	Noite	Frigorífico	TO	RN	1	S/Comprovação	quarta-feira
Roubo/Furto	Noite	Café	BA	SE	2	S/Comprovação	terça-feira
Roubo/Furto	Noite	Alimentício	SP	DF	1	S/Comprovação	segunda-feira
Roubo/Furto	Tarde	Aço/Ferro	RS	MG	3	S/Comprovação	sábado
Roubo/Furto	Manhã	Hig/Limp/Cosm	MG	RJ	1	S/Comprovação	sexta-feira
Roubo/Furto	Noite	Defensivo Agrícola	SP	MT	1	S/Comprovação	quinta-feira
Roubo/Furto	Manhã	Combustível	PR	MS	1	S/Comprovação	sexta-feira
Roubo/Furto	Madrugada	Específicas	RJ	RJ	1	S/Comprovação	sexta-feira
Roubo/Furto	Noite	Eletrodoméstico	SP	RJ	1	S/Comprovação	terça-feira
Roubo/Furto	Madrugada	Específicas	SP	MG	3	S/Comprovação	sexta-feira
Roubo/Furto	Madrugada	Frigorífico	PA	SP	3	S/Comprovação	quarta-feira
Roubo/Furto	Manhã	Pescado	SP	RJ	1	S/Comprovação	sexta-feira
Roubo/Furto	Manhã	Bebidas	SC	PE	2	S/Comprovação	sábado
Roubo/Furto	Tarde	Alimentício	MG	MG	2	S/Comprovação	quinta-feira
Roubo/Furto	Manhã	Laticínios	GO	RJ	1	S/Comprovação	terça-feira
Roubo/Furto	Noite	Combustível	PR	MS	1	S/Comprovação	segunda-feira
Roubo/Furto	Noite	Bebidas	SP	PR	1	S/Comprovação	domingo
Roubo/Furto	Madrugada	Confecção/Tecido/Fios	SP	RJ	4	S/Comprovação	quarta-feira
Roubo/Furto	Tarde	Defensivo Agrícola	SP	SP	2	S/Comprovação	terça-feira
Roubo/Furto	Madrugada	Hig/Limp/Cosm	MG	RJ	1	S/Comprovação	sábado
Roubo/Furto	Madrugada	Geral	RS	AM	2	S/Comprovação	quinta-feira
Roubo/Furto	Manhã	Frigorífico	SP	SP	1	S/Comprovação	quinta-feira
Roubo/Furto	Noite	Específicas	SP	SP	1	S/Comprovação	sexta-feira
Roubo/Furto	Madrugada	Específicas	SP	CE	2	S/Comprovação	sexta-feira
Roubo/Furto	Tarde	Bebidas	SP	RS	1	S/Comprovação	segunda-feira
Roubo/Furto	Tarde	Ração Animal	SP	PR	1	S/Comprovação	quinta-feira
Roubo/Furto	Manhã	Específicas	RJ	RJ	1	S/Comprovação	sábado
Roubo/Furto	Tarde	Pneus	PR	PA	2	S/Comprovação	sexta-feira
Roubo/Furto	Noite	Bebidas	RJ	MG	4	S/Comprovação	quinta-feira
Roubo/Furto	Madrugada	Químico	SP	SP	3	S/Comprovação	quinta-feira
Roubo/Furto	Noite	Alimentício	SP	RJ	1	S/Comprovação	domingo
Roubo/Furto	Manhã	Confecção/Tecido/Fios	RJ	ES	4	S/Comprovação	sábado
Roubo/Furto	Manhã	Hig/Limp/Cosm	MG	SC	1	S/Comprovação	terça-feira
Roubo/Furto	Madrugada	Bebidas	SP	RN	1	S/Comprovação	quarta-feira
Roubo/Furto	Noite	Específicas	RJ	RJ	3	S/Comprovação	segunda-feira
Roubo/Furto	Noite	Específicas	MG	SP	4	S/Comprovação	segunda-feira
Roubo/Furto	Madrugada	Brinquedos	SP	SP	2	S/Comprovação	segunda-feira
Roubo/Furto	Tarde	Frigorífico	TO	CE	1	S/Comprovação	sábado
Roubo/Furto	Noite	Específicas	SP	PE	3	S/Comprovação	sexta-feira
Roubo/Furto	Manhã	Defensivo Agrícola	SP	PI	3	S/Comprovação	sábado
Roubo/Furto	Noite	Pneus	SC	ES	2	S/Comprovação	domingo
Roubo/Furto	Noite	Defensivo Agrícola	SP	MT	3	S/Comprovação	domingo
Roubo/Furto	Manhã	Químico	SC	SP	5	S/Comprovação	quarta-feira
Roubo/Furto	Manhã	Eletrônicos	SP	RJ	2	S/Comprovação	terça-feira
Roubo/Furto	Tarde	Frigorífico	MG	RJ	1	S/Comprovação	terça-feira
Roubo/Furto	Tarde	Hig/Limp/Cosm	MG	RJ	1	S/Comprovação	quinta-feira
Roubo/Furto	Noite	Hig/Limp/Cosm	SP	GO	4	S/Comprovação	sábado
Roubo/Furto	Tarde	Frigorífico	GO	EX	3	S/Comprovação	sábado
Roubo/Furto	Manhã	Bebidas	SC	RJ	1	S/Comprovação	quarta-feira
Roubo/Furto	Madrugada	Específicas	MG	BA	3	S/Comprovação	sexta-feira
Roubo/Furto	Madrugada	Medicamento	SP	CE	5	S/Comprovação	quarta-feira
Roubo/Furto	Manhã	Hig/Limp/Cosm	SP	RJ	3	S/Comprovação	sexta-feira
Roubo/Furto	Noite	Bebidas	SC	PE	1	S/Comprovação	terça-feira
Roubo/Furto	Noite	Defensivo Agrícola	SP	MG	1	S/Comprovação	quarta-feira
Roubo/Furto	Noite	Autopeças	SP	SP	4	S/Comprovação	terça-feira
Roubo/Furto	Tarde	E-Commerce	PE	BA	3	S/Comprovação	quinta-feira
Roubo/Furto	Tarde	Calçados	MG	SP	1	S/Comprovação	quarta-feira
Roubo/Furto	Noite	Específicas	MG	SP	5	S/Comprovação	terça-feira
Roubo/Furto	Manhã	E-Commerce	SP	DF	4	S/Comprovação	terça-feira
Roubo/Furto	Manhã	Veículo	PR	SP	3	S/Comprovação	quarta-feira
Roubo/Furto	Madrugada	Laticínios	GO	SP	1	S/Comprovação	terça-feira
Roubo/Furto	Tarde	Hig/Limp/Cosm	SP	SP	2	S/Comprovação	quarta-feira
Roubo/Furto	Tarde	Óleo Comestível	SP	SP	4	S/Comprovação	segunda-feira
Roubo/Furto	Madrugada	Específicas	SP	PR	4	S/Comprovação	segunda-feira
Roubo/Furto	Manhã	Celulares	CE	CE	1	S/Comprovação	terça-feira
Roubo/Furto	Noite	Calçados	CE	CE	3	S/Comprovação	segunda-feira
Roubo/Furto	Manhã	Aço/Ferro	SP	SP	1	S/Comprovação	terça-feira
Roubo/Furto	Madrugada	Específicas	GO	RJ	1	S/Comprovação	quarta-feira
Roubo/Furto	Manhã	Bebidas	PE	PE	1	S/Comprovação	terça-feira
Roubo/Furto	Noite	Defensivo Agrícola	SP	BA	5	S/Comprovação	sábado
Roubo/Furto	Madrugada	Frigorífico	GO	SP	1	S/Comprovação	segunda-feira
Roubo/Furto	Manhã	Confecção/Tecido/Fios	SP	GO	3	S/Comprovação	segunda-feira
Roubo/Furto	Madrugada	Geral	SP	SP	1	S/Comprovação	quinta-feira
Roubo/Furto	Manhã	Alumínio	ES	SP	3	S/Comprovação	quinta-feira
Roubo/Furto	Madrugada	Específicas	PE	PB	1	S/Comprovação	sexta-feira
Roubo/Furto	Manhã	Confecção/Tecido/Fios	RJ	PA	4	S/Comprovação	sexta-feira
Roubo/Furto	Noite	Confecção/Tecido/Fios	SP	RS	3	S/Comprovação	quinta-feira
Roubo/Furto	Manhã	Geral	SP	RJ	4	S/Comprovação	segunda-feira
Roubo/Furto	Manhã	Específicas	PR	PR	1	S/Comprovação	terça-feira
Roubo/Furto	Madrugada	Confecção/Tecido/Fios	SC	RJ	4	S/Comprovação	domingo
Roubo/Furto	Noite	Confecção/Tecido/Fios	SP	SP	2	S/Comprovação	segunda-feira
Roubo/Furto	Tarde	Alimentício	PE	MA	2	S/Comprovação	sábado
Roubo/Furto	Tarde	Alimentício	MG	RJ	1	S/Comprovação	segunda-feira
Roubo/Furto	Noite	Alumínio	SP	SP	1	S/Comprovação	sexta-feira
Roubo/Furto	Madrugada	Pneus	PR	PR	1	S/Comprovação	segunda-feira
Roubo/Furto	Noite	Confecção/Tecido/Fios	RJ	MA	4	S/Comprovação	segunda-feira
Roubo/Furto	Manhã	Alimentício	RJ	RJ	1	S/Comprovação	terça-feira
Roubo/Furto	Noite	Confecção/Tecido/Fios	SP	SC	1	S/Comprovação	terça-feira
Roubo/Furto	Tarde	Eletrônicos	SP	ES	3	S/Comprovação	domingo
Roubo/Furto	Noite	Bebidas	SC	PE	1	S/Comprovação	terça-feira
Roubo/Furto	Tarde	Laticínios	GO	CE	2	S/Comprovação	terça-feira
Roubo/Furto	Tarde	Laticínios	GO	PA	2	S/Comprovação	terça-feira
Roubo/Furto	Manhã	Eletrônicos	ES	RJ	3	S/Comprovação	segunda-feira
Roubo/Furto	Madrugada	Brinquedos	SC	SP	1	S/Comprovação	terça-feira
Roubo/Furto	Madrugada	E-commerce	SP	DF	3	S/Comprovação	quarta-feira
Roubo/Furto	Tarde	Hig/Limp/Cosm	SP	PI	3	S/Comprovação	quarta-feira
Roubo/Furto	Tarde	Combustível	SP	GO	1	S/Comprovação	sábado
Roubo/Furto	Tarde	Hig/Limp/Cosm	SP	PI	4	S/Comprovação	quarta-feira
Roubo/Furto	Madrugada	Hig/Limp/Cosm	SP	PE	1	S/Comprovação	segunda-feira
Roubo/Furto	Madrugada	Geral	SP	RJ	4	S/Comprovação	quarta-feira
Roubo/Furto	Noite	Hig/Limp/Cosm	SP	GO	5	S/Comprovação	quarta-feira
Roubo/Furto	Madrugada	Químico	PE	SE	1	S/Comprovação	sábado
Roubo/Furto	Manhã	Eletrônicos	SP	SP	4	S/Comprovação	sexta-feira
Roubo/Furto	Noite	Combustível	SP	GO	1	S/Comprovação	quarta-feira
Roubo/Furto	Manhã	Alumínio	PR	SP	1	S/Comprovação	sábado
Roubo/Furto	Manhã	Combustível	SP	MT	1	S/Comprovação	sábado
Roubo/Furto	Manhã	Aço/Ferro	SC	MT	1	S/Comprovação	sexta-feira
Roubo/Furto	Noite	Hig/Limp/Cosm	SP	SP	4	S/Comprovação	terça-feira
Roubo/Furto	Noite	E-Commerce	SP	SP	1	S/Comprovação	sexta-feira
Roubo/Furto	Noite	Hig/Limp/Cosm	SP	PE	1	S/Comprovação	sexta-feira
Roubo/Furto	Noite	Hig/Limp/Cosm	SP	RN	3	S/Comprovação	quarta-feira
Roubo/Furto	Noite	Eletrônicos	PA	SP	5	S/Comprovação	sábado
Roubo/Furto	Madrugada	Hig/Limp/Cosm	SP	PE	3	S/Comprovação	quarta-feira
Roubo/Furto	Manhã	Celulares	SP	SP	3	S/Comprovação	segunda-feira
Roubo/Furto	Manhã	Hig/Limp/Cosm	SP	GO	2	S/Comprovação	segunda-feira
Roubo/Furto	Tarde	Confecção/Tecido/Fios	SP	RJ	3	S/Comprovação	quinta-feira
Roubo/Furto	Noite	Frigorífico	MG	RJ	2	S/Comprovação	quinta-feira
Roubo/Furto	Manhã	Confecção/Tecido/Fios	RJ	RJ	1	S/Comprovação	segunda-feira
Roubo/Furto	Madrugada	Confecção/Tecido/Fios	SC	SP	1	S/Comprovação	segunda-feira
Roubo/Furto	Manhã	Eletrônicos	SP	MG	4	S/Comprovação	sexta-feira
Roubo/Furto	Noite	Hig/Limp/Cosm	PE	CE	1	S/Comprovação	quarta-feira
Roubo/Furto	Manhã	Celulares	SP	SP	2	S/Comprovação	terça-feira
Roubo/Furto	Noite	E-Commerce	SP	SP	2	S/Comprovação	sexta-feira
Roubo/Furto	Manhã	Combustível	GO	DF	1	S/Comprovação	quarta-feira
Roubo/Furto	Manhã	Celulares	RJ	RJ	1	S/Comprovação	terça-feira
Roubo/Furto	Madrugada	Hig/Limp/Cosm	SP	MA	4	S/Comprovação	domingo
Roubo/Furto	Tarde	Defensivo Agrícola	SP	MT	2	S/Comprovação	sábado
Roubo/Furto	Madrugada	Hig/Limp/Cosm	SP	GO	5	S/Comprovação	sexta-feira
Roubo/Furto	Noite	Hig/Limp/Cosm	SP	PE	3	S/Comprovação	terça-feira
Roubo/Furto	Manhã	Celulares	SP	SP	1	S/Comprovação	segunda-feira
Roubo/Furto	Noite	Eletrônicos	SP	MG	4	S/Comprovação	sexta-feira
Roubo/Furto	Madrugada	Calçados	SP	SP	2	S/Comprovação	quarta-feira
Roubo/Furto	Madrugada	Geral	SP	RJ	1	S/Comprovação	terça-feira
Roubo/Furto	Madrugada	Específicas	MG	MG	1	S/Comprovação	segunda-feira
Roubo/Furto	Manhã	Algodão	MT	SP	2	S/Comprovação	quinta-feira
Roubo/Furto	Noite	Calçados	MG	PE	4	S/Comprovação	quarta-feira
Roubo/Furto	Manhã	Específicas	MG	MG	3	S/Comprovação	segunda-feira
Roubo/Furto	Madrugada	Defensivo Agrícola	SP	BA	4	S/Comprovação	sábado
Roubo/Furto	Noite	Combustível	GO	MG	1	S/Comprovação	quinta-feira
Roubo/Furto	Noite	Celulares	SP	SP	5	S/Comprovação	segunda-feira
Roubo/Furto	Manhã	Frigorífico	MT	RJ	2	S/Comprovação	domingo
Roubo/Furto	Manhã	Frigorífico	SP	RJ	2	S/Comprovação	domingo
Roubo/Furto	Noite	Específicas	MG	MG	1	S/Comprovação	quarta-feira
Roubo/Furto	Noite	Óleo Lubrificante	RJ	SP	1	S/Comprovação	terça-feira
Roubo/Furto	Noite	Hig/Limp/Cosm	PE	AL	1	S/Comprovação	terça-feira
Roubo/Furto	Tarde	Alimentício	PA	RJ	1	S/Comprovação	segunda-feira
Roubo/Furto	Madrugada	Eletrônicos	PA	SP	5	S/Comprovação	sexta-feira
Roubo/Furto	Noite	Veículo	SP	PE	2	S/Comprovação	terça-feira
Roubo/Furto	Manhã	Hig/Limp/Cosm	PE	RN	1	S/Comprovação	quinta-feira
Roubo/Furto	Tarde	Específicas	SP	PR	3	S/Comprovação	quarta-feira
Roubo/Furto	Noite	Alimentício	CE	AL	1	S/Comprovação	segunda-feira
Roubo/Furto	Tarde	Doces/Chocolate	RS	PE	2	S/Comprovação	domingo
Roubo/Furto	Tarde	Alumínio	SP	PR	3	S/Comprovação	quinta-feira
Roubo/Furto	Tarde	Frigorífico	RO	RJ	3	S/Comprovação	domingo
Roubo/Furto	Tarde	Hig/Limp/Cosm	SP	SP	3	S/Comprovação	terça-feira
Roubo/Furto	Tarde	Frigorífico	RS	SP	2	S/Comprovação	sábado
Roubo/Furto	Tarde	Frigorífico	MT	RJ	2	S/Comprovação	domingo
Roubo/Furto	Noite	Eletrônicos	SP	SP	5	S/Comprovação	sexta-feira
Roubo/Furto	Noite	Eletrônicos	PA	MG	5	S/Comprovação	sexta-feira
Roubo/Furto	Noite	Hig/Limp/Cosm	SP	PI	4	S/Comprovação	domingo
Roubo/Furto	Tarde	Alumínio	SC	SP	3	S/Comprovação	sexta-feira
Roubo/Furto	Noite	Hig/Limp/Cosm	SP	GO	3	S/Comprovação	quarta-feira
Roubo/Furto	Noite	Laticínios	EX	SP	3	S/Comprovação	quinta-feira
Roubo/Furto	Tarde	Eletrônicos	SP	GO	3	S/Comprovação	quinta-feira
Roubo/Furto	Noite	Combustível	SP	GO	1	S/Comprovação	sexta-feira
Roubo/Furto	Madrugada	E-Commerce	SP	SP	2	S/Comprovação	quarta-feira
Roubo/Furto	Manhã	Confecção/Tecido/Fios	SP	EX	2	S/Comprovação	terça-feira
Roubo/Furto	Tarde	Polímeros	SP	MG	1	S/Comprovação	segunda-feira
Roubo/Furto	Noite	Específicas	SP	RJ	1	S/Comprovação	segunda-feira
Roubo/Furto	Tarde	E-Commerce	SP	SP	2	S/Comprovação	quinta-feira
Roubo/Furto	Madrugada	E-Commerce	SP	SP	1	S/Comprovação	segunda-feira
Roubo/Furto	Madrugada	Alumínio	MG	SP	1	S/Comprovação	quarta-feira
Roubo/Furto	Madrugada	Combustível	SP	GO	1	S/Comprovação	sexta-feira
Roubo/Furto	Manhã	Polímeros	RJ	PR	1	S/Comprovação	quinta-feira
Roubo/Furto	Madrugada	E-Commerce	SP	SP	3	S/Comprovação	sexta-feira
Roubo/Furto	Noite	Celulares	SP	MS	5	S/Comprovação	domingo
Roubo/Furto	Madrugada	Pescado	SC	SP	2	S/Comprovação	quarta-feira
Roubo/Furto	Madrugada	Combustível	SP	MG	1	S/Comprovação	sexta-feira
Roubo/Furto	Madrugada	Eletrônicos	SP	RJ	2	S/Comprovação	sexta-feira
Roubo/Furto	Noite	Combustível	SP	MT	1	S/Comprovação	terça-feira
Roubo/Furto	Madrugada	Utilidades Doméstica	RS	EX	3	S/Comprovação	terça-feira
Roubo/Furto	Madrugada	E-Commerce	SP	SP	2	S/Comprovação	sexta-feira
Roubo/Furto	Noite	Alimentício	SP	PE	1	S/Comprovação	sexta-feira
Roubo/Furto	Tarde	Polímeros	RJ	SP	1	S/Comprovação	quarta-feira
Roubo/Furto	Noite	Laticínios	MT	SP	3	S/Comprovação	quarta-feira
Roubo/Furto	Madrugada	E-Commerce	MG	GO	1	S/Comprovação	quinta-feira
Roubo/Furto	Noite	Eletrodoméstico	SP	ES	3	S/Comprovação	terça-feira
Roubo/Furto	Tarde	Eletrodoméstico	SP	ES	3	S/Comprovação	terça-feira
Roubo/Furto	Noite	Hig/Limp/Cosm	SP	RN	4	S/Comprovação	domingo
Roubo/Furto	Madrugada	E-Commerce	SP	SP	1	S/Comprovação	sábado
Roubo/Furto	Madrugada	E-Commerce	MG	SP	1	S/Comprovação	sexta-feira
Roubo/Furto	Noite	Tubos e Conexões	SP	SP	1	S/Comprovação	domingo
Roubo/Furto	Manhã	Defensivo Agrícola	GO	GO	3	S/Comprovação	segunda-feira
Roubo/Furto	Manhã	E-Commerce	SC	SC	3	S/Comprovação	quinta-feira
Roubo/Furto	Noite	E-Commerce	SP	SP	4	S/Comprovação	quarta-feira
Roubo/Furto	Madrugada	Laticínios	MG	SP	3	S/Comprovação	sexta-feira
Roubo/Furto	Noite	Hig/Limp/Cosm	MG	RJ	1	S/Comprovação	quarta-feira
Roubo/Furto	Madrugada	Óleo Comestível	SP	RN	1	S/Comprovação	quarta-feira
Roubo/Furto	Noite	Alimentício	PA	ES	2	S/Comprovação	quarta-feira
Roubo/Furto	Manhã	Alimentício	SP	RJ	1	S/Comprovação	quarta-feira
Roubo/Furto	Noite	Hig/Limp/Cosm	SP	PE	3	S/Comprovação	domingo
Roubo/Furto	Manhã	Alumínio	SC	SP	2	S/Comprovação	quinta-feira
Roubo/Furto	Manhã	Combustível	SP	SP	1	S/Comprovação	quinta-feira
Roubo/Furto	Manhã	Calçados	SP	SP	4	S/Comprovação	quarta-feira
Roubo/Furto	Noite	Frigorífico	GO	RJ	2	S/Comprovação	quarta-feira
Roubo/Furto	Manhã	Frigorífico	MT	RJ	3	S/Comprovação	sexta-feira
Roubo/Furto	Madrugada	Hig/Limp/Cosm	SP	GO	1	S/Comprovação	quarta-feira
Roubo/Furto	Madrugada	Artigo Esportivo	SP	SP	5	S/Comprovação	segunda-feira
Roubo/Furto	Noite	Químico	MG	SP	2	S/Comprovação	sábado
Roubo/Furto	Manhã	Eletrônicos	SP	SP	3	S/Comprovação	quarta-feira
Roubo/Furto	Madrugada	Hig/Limp/Cosm	PE	CE	1	S/Comprovação	domingo
Roubo/Furto	Tarde	Calçados	SP	PA	2	S/Comprovação	sexta-feira
Roubo/Furto	Madrugada	Tinta/Verniz	SP	MG	1	S/Comprovação	sexta-feira
Roubo/Furto	Madrugada	Alimentício	SP	PA	1	S/Comprovação	segunda-feira
Roubo/Furto	Tarde	Minério	MG	RJ	2	S/Comprovação	segunda-feira
Roubo/Furto	Manhã	Hig/Limp/Cosm	SP	RJ	2	S/Comprovação	domingo
Roubo/Furto	Manhã	Pneus	SC	SP	3	S/Comprovação	quarta-feira
Roubo/Furto	Manhã	E-Commerce	SP	SP	3	S/Comprovação	terça-feira
Roubo/Furto	Madrugada	Papel	MS	BA	2	S/Comprovação	terça-feira
Roubo/Furto	Tarde	Minério	MG	RJ	2	S/Comprovação	segunda-feira
Roubo/Furto	Madrugada	E-Commerce	SP	SP	1	S/Comprovação	quarta-feira
Roubo/Furto	Manhã	Confecção/Tecido/Fios	RJ	RJ	3	S/Comprovação	terça-feira
Roubo/Furto	Noite	Aço/Ferro	SP	MG	1	S/Comprovação	terça-feira
Roubo/Furto	Madrugada	Alumínio	SC	SP	2	S/Comprovação	quinta-feira
Roubo/Furto	Tarde	Celulares	SP	RJ	3	S/Comprovação	quarta-feira
Roubo/Furto	Noite	Alimentício	SP	RJ	1	S/Comprovação	quinta-feira
Roubo/Furto	Madrugada	Alimentício	DF	BA	1	S/Comprovação	quinta-feira
Roubo/Furto	Madrugada	E-Commerce	SP	SP	3	S/Comprovação	terça-feira
Roubo/Furto	Noite	Pescado	EX	SP	4	S/Comprovação	sábado
Roubo/Furto	Madrugada	Hig/Limp/Cosm	MG	SP	3	S/Comprovação	segunda-feira
Roubo/Furto	Manhã	Celulares	SP	RS	4	S/Comprovação	domingo
Roubo/Furto	Tarde	Laticínios	EX	SC	3	S/Comprovação	sexta-feira
Roubo/Furto	Manhã	Alimentício	PE	BA	1	S/Comprovação	sábado
Roubo/Furto	Manhã	Papel	SP	SP	1	S/Comprovação	terça-feira
Roubo/Furto	Manhã	Confecção/Tecido/Fios	SP	RJ	2	S/Comprovação	terça-feira
Roubo/Furto	Noite	Hig/Limp/Cosm	MG	SP	1	S/Comprovação	quinta-feira
Roubo/Furto	Manhã	Bebidas	PE	RJ	3	S/Comprovação	domingo
Roubo/Furto	Noite	Específicas	SP	SC	1	S/Comprovação	segunda-feira
Roubo/Furto	Madrugada	Alimentício	SP	RJ	2	S/Comprovação	terça-feira
Roubo/Furto	Manhã	Autopeças	SP	RJ	1	S/Comprovação	terça-feira
Roubo/Furto	Noite	Hig/Limp/Cosm	PE	BA	1	S/Comprovação	sábado
Roubo/Furto	Madrugada	Específicas	SP	RJ	2	S/Comprovação	sexta-feira
Roubo/Furto	Manhã	Específicas	RJ	RJ	1	S/Comprovação	sexta-feira
Roubo/Furto	Manhã	Celulares	SP	SP	3	S/Comprovação	sexta-feira
Roubo/Furto	Tarde	Veículo	PR	ES	2	S/Comprovação	sábado
Roubo/Furto	Noite	Hig/Limp/Cosm	SP	PE	4	S/Comprovação	quarta-feira
Roubo/Furto	Tarde	Confecção/Tecido/Fios	SP	SP	3	S/Comprovação	quinta-feira
Roubo/Furto	Noite	Hig/Limp/Cosm	SP	SP	3	S/Comprovação	terça-feira
Roubo/Furto	Noite	Hig/Limp/Cosm	SP	SP	3	S/Comprovação	segunda-feira
Roubo/Furto	Manhã	Tratores/Empilhadeiras	SP	MT	3	S/Comprovação	terça-feira
Roubo/Furto	Manhã	Medicamento	SP	SP	3	S/Comprovação	segunda-feira
Roubo/Furto	Noite	Polímeros	RJ	PR	1	S/Comprovação	sexta-feira
Roubo/Furto	Manhã	Veículo	SP	PR	3	S/Comprovação	quinta-feira
Roubo/Furto	Noite	Confecção/Tecido/Fios	RJ	AL	4	S/Comprovação	segunda-feira
Roubo/Furto	Manhã	Confecção/Tecido/Fios	SP	SP	1	S/Comprovação	sexta-feira
Roubo/Furto	Noite	Combustível	SP	SP	1	S/Comprovação	quinta-feira
Roubo/Furto	Noite	Polímeros	SP	MG	1	S/Comprovação	quarta-feira
Roubo/Furto	Madrugada	Medicamento	GO	GO	4	S/Comprovação	quinta-feira
Roubo/Furto	Madrugada	Polímeros	AL	SP	1	S/Comprovação	terça-feira
Roubo/Furto	Noite	Específicas	SP	SP	1	S/Comprovação	segunda-feira
Roubo/Furto	Noite	Hig/Limp/Cosm	PE	RN	1	S/Comprovação	quarta-feira
Roubo/Furto	Madrugada	Aço/Ferro	MG	SC	1	S/Comprovação	terça-feira
Roubo/Furto	Tarde	Eletrônicos	SP	MG	2	S/Comprovação	quarta-feira
Roubo/Furto	Madrugada	Combustível	SP	SP	1	S/Comprovação	quarta-feira
Roubo/Furto	Manhã	Polímeros	SP	SP	1	S/Comprovação	quinta-feira
Roubo/Furto	Tarde	Alimentício	SP	CE	1	S/Comprovação	terça-feira
Roubo/Furto	Madrugada	Confecção/Tecido/Fios	SC	SC	3	S/Comprovação	segunda-feira
Roubo/Furto	Madrugada	Medicamento	GO	GO	1	S/Comprovação	quinta-feira
Roubo/Furto	Madrugada	Cobre	SC	SP	5	S/Comprovação	quinta-feira
Roubo/Furto	Manhã	Frigorífico	MS	SP	1	S/Comprovação	segunda-feira
Roubo/Furto	Tarde	Químico	SP	SP	5	S/Comprovação	terça-feira
Roubo/Furto	Noite	Hig/Limp/Cosm	PE	PB	1	S/Comprovação	segunda-feira
Roubo/Furto	Tarde	Alimentício	MG	RJ	2	S/Comprovação	segunda-feira
Roubo/Furto	Manhã	Alimentício	PE	PE	1	S/Comprovação	quinta-feira
Roubo/Furto	Noite	Laticínios	SC	SP	1	S/Comprovação	quinta-feira
Roubo/Furto	Tarde	Óleo Lubrificante	RJ	RJ	1	S/Comprovação	terça-feira
Roubo/Furto	Tarde	Frigorífico	SP	EX	3	S/Comprovação	quarta-feira
Roubo/Furto	Manhã	Veículo	SP	MG	2	S/Comprovação	terça-feira
Roubo/Furto	Noite	Específicas	SC	SP	2	S/Comprovação	quinta-feira
Roubo/Furto	Madrugada	Calçados	EX	BA	1	S/Comprovação	sexta-feira
Roubo/Furto	Madrugada	E-Commerce	RJ	RJ	3	S/Comprovação	sábado
Roubo/Furto	Noite	Específicas	SP	RJ	4	S/Comprovação	quinta-feira
Roubo/Furto	Madrugada	Eletrônicos	ES	RJ	2	S/Comprovação	sábado
Roubo/Furto	Tarde	Hig/Limp/Cosm	PE	SE	3	S/Comprovação	quinta-feira
Roubo/Furto	Tarde	Pescado	SC	RJ	3	S/Comprovação	domingo
Roubo/Furto	Manhã	Frigorífico	RO	EX	3	S/Comprovação	sábado
Roubo/Furto	Manhã	Frigorífico	GO	EX	3	S/Comprovação	terça-feira
Roubo/Furto	Tarde	Confecção/Tecido/Fios	SP	SP	3	S/Comprovação	terça-feira
Roubo/Furto	Madrugada	Hig/Limp/Cosm	EX	SP	4	S/Comprovação	segunda-feira
Roubo/Furto	Noite	Hig/Limp/Cosm	PE	BA	1	S/Comprovação	segunda-feira
Roubo/Furto	Madrugada	Medicamento	SP	SP	3	S/Comprovação	segunda-feira
Roubo/Furto	Manhã	Tratores/Empilhadeiras	MG	AM	4	S/Comprovação	sábado
Roubo/Furto	Madrugada	Eletrônicos	AM	MG	5	S/Comprovação	quinta-feira
Roubo/Furto	Madrugada	Eletrônicos	SP	SP	5	S/Comprovação	terça-feira
Roubo/Furto	Noite	Químico	MG	SP	1	S/Comprovação	segunda-feira
Roubo/Furto	Noite	Hig/Limp/Cosm	MG	PR	3	S/Comprovação	quarta-feira
Roubo/Furto	Madrugada	Polímeros	SP	MG	1	S/Comprovação	quarta-feira
Roubo/Furto	Manhã	Celulares	SP	SP	1	S/Comprovação	quinta-feira
Roubo/Furto	Noite	Hig/Limp/Cosm	PE	PE	1	S/Comprovação	sexta-feira
Roubo/Furto	Tarde	Maquinário	SP	ES	1	S/Comprovação	quarta-feira
Roubo/Furto	Noite	Óleo Comestível	GO	PI	1	S/Comprovação	quarta-feira
Roubo/Furto	Noite	Hig/Limp/Cosm	PE	CE	2	S/Comprovação	segunda-feira
Roubo/Furto	Manhã	Específicas	MG	MG	3	S/Comprovação	segunda-feira
Roubo/Furto	Manhã	Combustível	SP	SP	1	S/Comprovação	sexta-feira
Roubo/Furto	Tarde	Hig/Limp/Cosm	MG	RJ	2	S/Comprovação	quarta-feira
Roubo/Furto	Tarde	Eletrônicos	SP	MG	3	S/Comprovação	segunda-feira
Roubo/Furto	Noite	E-Commerce	SP	SP	2	S/Comprovação	segunda-feira
Roubo/Furto	Manhã	E-Commerce	MG	MG	2	S/Comprovação	sexta-feira
Roubo/Furto	Madrugada	Hig/Limp/Cosm	MG	SC	1	S/Comprovação	terça-feira
Roubo/Furto	Manhã	Específicas	SP	RJ	4	S/Comprovação	domingo
Roubo/Furto	Noite	Material Elétrico	SP	RJ	1	S/Comprovação	quinta-feira
Roubo/Furto	Madrugada	Hig/Limp/Cosm	MG	PR	1	S/Comprovação	terça-feira
Roubo/Furto	Manhã	Hig/Limp/Cosm	SP	RN	4	S/Comprovação	quinta-feira
Roubo/Furto	Noite	Confecção/Tecido/Fios	RJ	SP	3	S/Comprovação	quarta-feira
Roubo/Furto	Madrugada	Hig/Limp/Cosm	SP	MG	1	S/Comprovação	terça-feira
Roubo/Furto	Tarde	Frigorífico	TO	SP	1	S/Comprovação	terça-feira
Roubo/Furto	Noite	Hig/Limp/Cosm	GO	PA	4	S/Comprovação	quarta-feira
Roubo/Furto	Manhã	E-Commerce	PE	BA	3	S/Comprovação	quarta-feira
Roubo/Furto	Manhã	Hig/Limp/Cosm	SP	RN	3	S/Comprovação	quinta-feira
Roubo/Furto	Madrugada	E-Commerce	SP	RS	4	S/Comprovação	sábado
Roubo/Furto	Madrugada	Bebidas	ES	RJ	1	S/Comprovação	quarta-feira
Roubo/Furto	Noite	Hig/Limp/Cosm	PE	SE	3	S/Comprovação	domingo
Roubo/Furto	Noite	Eletrônicos	SC	RJ	4	S/Comprovação	domingo
Roubo/Furto	Noite	Autopeças	SP	PR	5	S/Comprovação	quinta-feira
Roubo/Furto	Tarde	Fios/Cabos	SC	MS	1	S/Comprovação	terça-feira
Roubo/Furto	Manhã	Celulares	RJ	RJ	1	S/Comprovação	terça-feira
Roubo/Furto	Madrugada	Polímeros	RJ	SP	1	S/Comprovação	segunda-feira
Roubo/Furto	Manhã	Frigorífico	SP	RJ	3	S/Comprovação	sábado
Roubo/Furto	Manhã	Veículo	MG	SC	3	S/Comprovação	sexta-feira
Roubo/Furto	Noite	Polímeros	SP	MG	1	S/Comprovação	quinta-feira
Roubo/Furto	Noite	Eletrônicos	SP	PE	4	S/Comprovação	quinta-feira
Roubo/Furto	Madrugada	Autopeças	SP	SP	3	S/Comprovação	terça-feira
Roubo/Furto	Noite	Café	ES	SP	2	S/Comprovação	quarta-feira
Roubo/Furto	Noite	Polímeros	SP	BA	1	S/Comprovação	quinta-feira
Roubo/Furto	Manhã	Combustível	SP	GO	1	S/Comprovação	quarta-feira
Roubo/Furto	Madrugada	Aço/Ferro	MG	MG	1	S/Comprovação	quinta-feira
Roubo/Furto	Madrugada	Combustível	PR	ES	1	S/Comprovação	sexta-feira
Roubo/Furto	Tarde	Geral	SP	SP	1	S/Comprovação	quarta-feira
Roubo/Furto	Madrugada	Aço/Ferro	RJ	SP	1	S/Comprovação	quarta-feira
Roubo/Furto	Madrugada	Pescado	SC	CE	2	S/Comprovação	sexta-feira
Roubo/Furto	Madrugada	Hig/Limp/Cosm	PE	CE	1	S/Comprovação	sexta-feira
Roubo/Furto	Noite	Combustível	PE	MG	1	S/Comprovação	quinta-feira
Roubo/Furto	Noite	Específicas	RJ	RJ	1	S/Comprovação	sexta-feira
Roubo/Furto	Manhã	Hig/Limp/Cosm	PE	RN	1	S/Comprovação	domingo
Roubo/Furto	Madrugada	Aço/Ferro	SC	MG	3	S/Comprovação	quinta-feira
Roubo/Furto	Manhã	Polímeros	SC	SP	1	S/Comprovação	terça-feira
Roubo/Furto	Madrugada	Hig/Limp/Cosm	SP	PE	3	S/Comprovação	segunda-feira
Roubo/Furto	Tarde	Laticínios	PR	RJ	2	S/Comprovação	terça-feira
Roubo/Furto	Madrugada	Confecção/Tecido/Fios	RJ	RJ	1	S/Comprovação	quarta-feira
